 format: day,hour,value location:61_126 Start : 20220101 
1,0,36
1,100,35
1,200,30
1,300,30
1,400,30
1,500,32
1,600,33
1,700,35
1,800,37
1,900,38
1,1000,41
1,1100,47
1,1200,49
1,1300,48
1,1400,50
1,1500,51
1,1600,48
1,1700,48
1,1800,51
1,1900,50
1,2000,65
1,2100,83
1,2200,84
1,2300,80
2,0,76
2,100,75
2,200,69
2,300,61
2,400,49
2,500,41
2,600,44
2,700,44
2,800,39
2,900,37
2,1000,41
2,1100,42
2,1200,45
2,1300,44
2,1400,43
2,1500,45
2,1600,47
2,1700,35
2,1800,38
2,1900,39
2,2000,45
2,2100,50
2,2200,48
2,2300,51
3,0,48
3,100,43
3,200,36
3,300,42
3,400,43
3,500,47
3,600,47
3,700,54
3,800,59
3,900,63
3,1000,67
3,1100,76
3,1200,76
3,1300,77
3,1400,79
3,1500,77
3,1600,73
3,1700,71
3,1800,71
3,1900,68
3,2000,64
3,2100,67
3,2200,67
3,2300,61
4,0,50
4,100,41
4,200,45
4,300,40
4,400,34
4,500,30
4,600,27
4,700,26
4,800,27
4,900,27
4,1000,28
4,1100,31
4,1200,34
4,1300,36
4,1400,40
4,1500,41
4,1600,42
4,1700,44
4,1800,47
4,1900,49
4,2000,49
4,2100,51
4,2200,50
4,2300,49
5,0,44
5,100,40
5,200,38
5,300,36
5,400,33
5,500,33
5,600,34
5,700,34
5,800,44
5,900,45
5,1000,46
5,1100,47
5,1200,49
5,1300,53
5,1400,55
5,1500,56
5,1600,57
5,1700,59
5,1800,61
5,1900,63
5,2000,62
5,2100,58
5,2200,58
5,2300,50
6,0,43
6,100,36
6,200,32
6,300,32
6,400,27
6,500,27
6,600,29
6,700,31
6,800,33
6,900,34
6,1000,36
6,1100,41
6,1200,45
6,1300,49
6,1400,49
6,1500,43
6,1600,45
6,1700,46
6,1800,49
6,1900,62
6,2000,64
6,2100,65
6,2200,59
6,2300,-1
7,0,51
7,100,44
7,200,39
7,300,27
7,400,26
7,500,20
7,600,18
7,700,20
7,800,26
7,900,38
7,1000,43
7,1100,45
7,1200,50
7,1300,57
7,1400,57
7,1500,58
7,1600,56
7,1700,57
7,1800,58
7,1900,67
7,2000,68
7,2100,67
7,2200,59
7,2300,58
8,0,56
8,100,50
8,200,47
8,300,46
8,400,48
8,500,55
8,600,62
8,700,69
8,800,71
8,900,72
8,1000,77
8,1100,78
8,1200,78
8,1300,78
8,1400,76
8,1500,78
8,1600,80
8,1700,81
8,1800,83
8,1900,86
8,2000,87
8,2100,87
8,2200,87
8,2300,85
9,0,83
9,100,73
9,200,68
9,300,61
9,400,52
9,500,50
9,600,48
9,700,49
9,800,49
9,900,52
9,1000,57
9,1100,66
9,1200,69
9,1300,68
9,1400,72
9,1500,76
9,1600,78
9,1700,82
9,1800,81
9,1900,74
9,2000,82
9,2100,78
9,2200,84
9,2300,76
10,0,74
10,100,63
10,200,56
10,300,46
10,400,44
10,500,35
10,600,44
10,700,43
10,800,51
10,900,52
10,1000,58
10,1100,54
10,1200,61
10,1300,81
10,1400,91
10,1500,74
10,1600,66
10,1700,66
10,1800,60
10,1900,62
10,2000,62
10,2100,57
10,2200,55
10,2300,53
11,0,48
11,100,45
11,200,42
11,300,41
11,400,39
11,500,35
11,600,35
11,700,37
11,800,43
11,900,43
11,1000,48
11,1100,50
11,1200,49
11,1300,48
11,1400,48
11,1500,49
11,1600,51
11,1700,52
11,1800,50
11,1900,47
11,2000,49
11,2100,49
11,2200,48
11,2300,43
12,0,39
12,100,37
12,200,35
12,300,35
12,400,31
12,500,31
12,600,32
12,700,35
12,800,36
12,900,39
12,1000,39
12,1100,36
12,1200,38
12,1300,40
12,1400,39
12,1500,38
12,1600,38
12,1700,38
12,1800,39
12,1900,43
12,2000,45
12,2100,47
12,2200,44
12,2300,42
13,0,41
13,100,40
13,200,35
13,300,31
13,400,30
13,500,29
13,600,33
13,700,36
13,800,41
13,900,43
13,1000,44
13,1100,44
13,1200,42
13,1300,43
13,1400,44
13,1500,43
13,1600,42
13,1700,42
13,1800,43
13,1900,42
13,2000,44
13,2100,44
13,2200,45
13,2300,44
14,0,39
14,100,35
14,200,34
14,300,30
14,400,26
14,500,24
14,600,22
14,700,25
14,800,26
14,900,29
14,1000,31
14,1100,38
14,1200,40
14,1300,41
14,1400,42
14,1500,39
14,1600,40
14,1700,53
14,1800,44
14,1900,54
14,2000,50
14,2100,46
14,2200,45
14,2300,43
15,0,42
15,100,39
15,200,39
15,300,40
15,400,40
15,500,39
15,600,39
15,700,41
15,800,50
15,900,46
15,1000,47
15,1100,48
15,1200,51
15,1300,51
15,1400,56
15,1500,58
15,1600,69
15,1700,74
15,1800,73
15,1900,77
15,2000,73
15,2100,73
15,2200,68
15,2300,65
16,0,54
16,100,48
16,200,38
16,300,30
16,400,29
16,500,36
16,600,38
16,700,40
16,800,39
16,900,38
16,1000,28
16,1100,32
16,1200,38
16,1300,43
16,1400,49
16,1500,50
16,1600,54
16,1700,51
16,1800,49
16,1900,51
16,2000,48
16,2100,52
16,2200,56
16,2300,52
17,0,42
17,100,37
17,200,38
17,300,40
17,400,56
17,500,76
17,600,74
17,700,71
17,800,75
17,900,58
17,1000,49
17,1100,46
17,1200,46
17,1300,45
17,1400,47
17,1500,45
17,1600,46
17,1700,48
17,1800,48
17,1900,52
17,2000,52
17,2100,50
17,2200,48
17,2300,45
18,0,40
18,100,40
18,200,35
18,300,31
18,400,28
18,500,27
18,600,26
18,700,29
18,800,29
18,900,32
18,1000,39
18,1100,48
18,1200,48
18,1300,49
18,1400,47
18,1500,46
18,1600,46
18,1700,56
18,1800,56
18,1900,67
18,2000,60
18,2100,56
18,2200,58
18,2300,56
19,0,75
19,100,85
19,200,85
19,300,85
19,400,86
19,500,87
19,600,88
19,700,76
19,800,70
19,900,64
19,1000,63
19,1100,64
19,1200,64
19,1300,64
19,1400,65
19,1500,66
19,1600,62
19,1700,64
19,1800,65
19,1900,67
19,2000,69
19,2100,72
19,2200,75
19,2300,71
20,0,59
20,100,57
20,200,50
20,300,44
20,400,40
20,500,44
20,600,43
20,700,43
20,800,44
20,900,48
20,1000,49
20,1100,49
20,1200,50
20,1300,49
20,1400,49
20,1500,53
20,1600,55
20,1700,59
20,1800,60
20,1900,69
20,2000,67
20,2100,66
20,2200,67
20,2300,64
21,0,57
21,100,50
21,200,41
21,300,38
21,400,35
21,500,30
21,600,28
21,700,29
21,800,32
21,900,37
21,1000,48
21,1100,54
21,1200,54
21,1300,51
21,1400,50
21,1500,54
21,1600,54
21,1700,56
21,1800,59
21,1900,57
21,2000,57
21,2100,60
21,2200,58
21,2300,59
22,0,52
22,100,50
22,200,43
22,300,39
22,400,37
22,500,38
22,600,39
22,700,42
22,800,34
22,900,35
22,1000,38
22,1100,47
22,1200,45
22,1300,37
22,1400,36
22,1500,37
22,1600,46
22,1700,38
22,1800,37
22,1900,39
22,2000,50
22,2100,41
22,2200,43
22,2300,42
23,0,43
23,100,41
23,200,41
23,300,44
23,400,45
23,500,47
23,600,43
23,700,46
23,800,47
23,900,50
23,1000,57
23,1100,56
23,1200,57
23,1300,58
23,1400,60
23,1500,60
23,1600,60
23,1700,62
23,1800,63
23,1900,63
23,2000,63
23,2100,61
23,2200,61
23,2300,59
24,0,54
24,100,50
24,200,46
24,300,43
24,400,43
24,500,43
24,600,42
24,700,43
24,800,44
24,900,45
24,1000,47
24,1100,47
24,1200,46
24,1300,47
24,1400,47
24,1500,48
24,1600,49
24,1700,63
24,1800,81
24,1900,85
24,2000,85
24,2100,81
24,2200,86
24,2300,92
25,0,93
25,100,93
25,200,93
25,300,93
25,400,89
25,500,86
25,600,82
25,700,79
25,800,64
25,900,67
25,1000,72
25,1100,73
25,1200,72
25,1300,73
25,1400,76
25,1500,79
25,1600,81
25,1700,82
25,1800,82
25,1900,84
25,2000,82
25,2100,80
25,2200,81
25,2300,76
26,0,66
26,100,49
26,200,44
26,300,42
26,400,39
26,500,37
26,600,40
26,700,39
26,800,37
26,900,43
26,1000,44
26,1100,41
26,1200,38
26,1300,40
26,1400,45
26,1500,48
26,1600,50
26,1700,51
26,1800,53
26,1900,53
26,2000,55
26,2100,57
26,2200,53
26,2300,52
27,0,45
27,100,48
27,200,39
27,300,38
27,400,36
27,500,29
27,600,28
27,700,32
27,800,40
27,900,45
27,1000,47
27,1100,42
27,1200,45
27,1300,51
27,1400,52
27,1500,53
27,1600,54
27,1700,53
27,1800,52
27,1900,55
27,2000,56
27,2100,53
27,2200,55
27,2300,51
28,0,46
28,100,40
28,200,38
28,300,37
28,400,36
28,500,31
28,600,32
28,700,40
28,800,43
28,900,45
28,1000,41
28,1100,38
28,1200,38
28,1300,42
28,1400,49
28,1500,50
28,1600,52
28,1700,55
28,1800,53
28,1900,53
28,2000,57
28,2100,54
28,2200,53
28,2300,48
29,0,40
29,100,37
29,200,32
29,300,31
29,400,31
29,500,26
29,600,24
29,700,26
29,800,28
29,900,38
29,1000,47
29,1100,39
29,1200,36
29,1300,41
29,1400,44
29,1500,45
29,1600,47
29,1700,49
29,1800,49
29,1900,49
29,2000,50
29,2100,50
29,2200,51
29,2300,46
30,0,42
30,100,35
30,200,35
30,300,30
30,400,26
30,500,25
30,600,25
30,700,25
30,800,31
30,900,32
30,1000,29
30,1100,37
30,1200,41
30,1300,42
30,1400,44
30,1500,44
30,1600,46
30,1700,47
30,1800,48
30,1900,49
30,2000,52
30,2100,56
30,2200,61
30,2300,56
31,0,46
31,100,42
31,200,38
31,300,43
31,400,41
31,500,44
31,600,47
31,700,53
31,800,58
31,900,59
31,1000,58
31,1100,60
31,1200,86
31,1300,92
31,1400,90
31,1500,70
31,1600,63
31,1700,76
31,1800,89
31,1900,92
31,2000,93
31,2100,85
31,2200,84
31,2300,81
 Start : 20220201 ,,
1,0,70
1,100,67
1,200,64
1,300,63
1,400,61
1,500,57
1,600,56
1,700,59
1,800,62
1,900,66
1,1000,68
1,1100,69
1,1200,77
1,1300,78
1,1400,79
1,1500,77
1,1600,78
1,1700,73
1,1800,65
1,1900,69
1,2000,68
1,2100,69
1,2200,67
1,2300,66
2,0,53
2,100,44
2,200,38
2,300,38
2,400,38
2,500,36
2,600,39
2,700,35
2,800,38
2,900,42
2,1000,49
2,1100,50
2,1200,52
2,1300,55
2,1400,58
2,1500,62
2,1600,61
2,1700,60
2,1800,59
2,1900,55
2,2000,55
2,2100,55
2,2200,55
2,2300,54
3,0,48
3,100,40
3,200,34
3,300,30
3,400,30
3,500,31
3,600,32
3,700,33
3,800,34
3,900,35
3,1000,37
3,1100,41
3,1200,42
3,1300,46
3,1400,48
3,1500,49
3,1600,52
3,1700,53
3,1800,55
3,1900,54
3,2000,52
3,2100,52
3,2200,53
3,2300,49
4,0,39
4,100,30
4,200,36
4,300,31
4,400,34
4,500,39
4,600,47
4,700,42
4,800,38
4,900,38
4,1000,43
4,1100,48
4,1200,47
4,1300,48
4,1400,49
4,1500,52
4,1600,50
4,1700,47
4,1800,46
4,1900,49
4,2000,47
4,2100,44
4,2200,42
4,2300,39
5,0,33
5,100,36
5,200,35
5,300,34
5,400,34
5,500,36
5,600,35
5,700,37
5,800,37
5,900,41
5,1000,44
5,1100,48
5,1200,51
5,1300,52
5,1400,53
5,1500,54
5,1600,53
5,1700,54
5,1800,51
5,1900,50
5,2000,53
5,2100,61
5,2200,62
5,2300,53
6,0,48
6,100,38
6,200,37
6,300,34
6,400,33
6,500,31
6,600,35
6,700,36
6,800,35
6,900,37
6,1000,40
6,1100,43
6,1200,43
6,1300,44
6,1400,47
6,1500,47
6,1600,51
6,1700,53
6,1800,52
6,1900,52
6,2000,60
6,2100,58
6,2200,58
6,2300,53
7,0,51
7,100,41
7,200,35
7,300,34
7,400,32
7,500,30
7,600,31
7,700,34
7,800,37
7,900,39
7,1000,44
7,1100,48
7,1200,50
7,1300,50
7,1400,51
7,1500,55
7,1600,53
7,1700,60
7,1800,64
7,1900,62
7,2000,60
7,2100,58
7,2200,66
7,2300,61
8,0,53
8,100,48
8,200,32
8,300,32
8,400,28
8,500,27
8,600,25
8,700,24
8,800,29
8,900,42
8,1000,55
8,1100,55
8,1200,59
8,1300,65
8,1400,64
8,1500,64
8,1600,61
8,1700,59
8,1800,69
8,1900,72
8,2000,74
8,2100,66
8,2200,65
8,2300,62
9,0,52
9,100,46
9,200,39
9,300,31
9,400,26
9,500,25
9,600,26
9,700,26
9,800,33
9,900,35
9,1000,41
9,1100,44
9,1200,45
9,1300,54
9,1400,58
9,1500,59
9,1600,60
9,1700,64
9,1800,67
9,1900,68
9,2000,69
9,2100,69
9,2200,67
9,2300,63
10,0,51
10,100,41
10,200,35
10,300,33
10,400,33
10,500,32
10,600,37
10,700,39
10,800,49
10,900,53
10,1000,56
10,1100,60
10,1200,63
10,1300,65
10,1400,71
10,1500,75
10,1600,76
10,1700,75
10,1800,76
10,1900,74
10,2000,78
10,2100,72
10,2200,78
10,2300,75
11,0,65
11,100,51
11,200,43
11,300,40
11,400,34
11,500,34
11,600,34
11,700,36
11,800,42
11,900,43
11,1000,47
11,1100,54
11,1200,60
11,1300,70
11,1400,72
11,1500,72
11,1600,74
11,1700,78
11,1800,81
11,1900,79
11,2000,70
11,2100,76
11,2200,76
11,2300,75
12,0,57
12,100,47
12,200,37
12,300,36
12,400,24
12,500,22
12,600,23
12,700,18
12,800,22
12,900,23
12,1000,35
12,1100,34
12,1200,37
12,1300,42
12,1400,39
12,1500,48
12,1600,40
12,1700,46
12,1800,39
12,1900,41
12,2000,40
12,2100,40
12,2200,49
12,2300,39
13,0,37
13,100,40
13,200,41
13,300,37
13,400,32
13,500,33
13,600,32
13,700,32
13,800,34
13,900,34
13,1000,37
13,1100,45
13,1200,49
13,1300,53
13,1400,57
13,1500,60
13,1600,62
13,1700,65
13,1800,66
13,1900,66
13,2000,67
13,2100,69
13,2200,75
13,2300,67
14,0,60
14,100,56
14,200,48
14,300,42
14,400,41
14,500,45
14,600,79
14,700,89
14,800,88
14,900,79
14,1000,72
14,1100,71
14,1200,67
14,1300,58
14,1400,57
14,1500,56
14,1600,60
14,1700,62
14,1800,60
14,1900,61
14,2000,65
14,2100,64
14,2200,64
14,2300,64
15,0,60
15,100,52
15,200,49
15,300,49
15,400,48
15,500,50
15,600,53
15,700,51
15,800,45
15,900,40
15,1000,41
15,1100,38
15,1200,42
15,1300,48
15,1400,50
15,1500,52
15,1600,51
15,1700,54
15,1800,54
15,1900,56
15,2000,57
15,2100,54
15,2200,51
15,2300,52
16,0,42
16,100,38
16,200,36
16,300,32
16,400,28
16,500,33
16,600,33
16,700,34
16,800,34
16,900,37
16,1000,39
16,1100,43
16,1200,47
16,1300,47
16,1400,47
16,1500,47
16,1600,44
16,1700,43
16,1800,41
16,1900,41
16,2000,41
16,2100,42
16,2200,42
16,2300,41
17,0,36
17,100,34
17,200,33
17,300,31
17,400,30
17,500,30
17,600,28
17,700,28
17,800,31
17,900,32
17,1000,33
17,1100,36
17,1200,36
17,1300,37
17,1400,41
17,1500,40
17,1600,43
17,1700,43
17,1800,43
17,1900,46
17,2000,47
17,2100,48
17,2200,45
17,2300,47
18,0,41
18,100,32
18,200,26
18,300,23
18,400,19
18,500,19
18,600,19
18,700,18
18,800,27
18,900,29
18,1000,29
18,1100,34
18,1200,42
18,1300,42
18,1400,36
18,1500,37
18,1600,43
18,1700,50
18,1800,39
18,1900,49
18,2000,53
18,2100,43
18,2200,47
18,2300,47
19,0,49
19,100,55
19,200,55
19,300,51
19,400,41
19,500,34
19,600,43
19,700,66
19,800,77
19,900,62
19,1000,47
19,1100,40
19,1200,47
19,1300,49
19,1400,49
19,1500,49
19,1600,41
19,1700,42
19,1800,43
19,1900,45
19,2000,46
19,2100,44
19,2200,44
19,2300,42
20,0,37
20,100,30
20,200,26
20,300,23
20,400,24
20,500,21
20,600,21
20,700,29
20,800,35
20,900,34
20,1000,32
20,1100,33
20,1200,36
20,1300,40
20,1400,44
20,1500,44
20,1600,47
20,1700,48
20,1800,47
20,1900,48
20,2000,52
20,2100,56
20,2200,52
20,2300,53
21,0,49
21,100,48
21,200,67
21,300,58
21,400,39
21,500,45
21,600,40
21,700,43
21,800,47
21,900,45
21,1000,41
21,1100,46
21,1200,51
21,1300,49
21,1400,51
21,1500,50
21,1600,49
21,1700,48
21,1800,40
21,1900,35
21,2000,35
21,2100,35
21,2200,30
21,2300,29
22,0,28
22,100,30
22,200,30
22,300,34
22,400,35
22,500,35
22,600,35
22,700,42
22,800,38
22,900,36
22,1000,35
22,1100,39
22,1200,39
22,1300,36
22,1400,38
22,1500,39
22,1600,40
22,1700,41
22,1800,43
22,1900,43
22,2000,42
22,2100,42
22,2200,40
22,2300,36
23,0,35
23,100,30
23,200,25
23,300,24
23,400,22
23,500,21
23,600,22
23,700,21
23,800,23
23,900,26
23,1000,26
23,1100,27
23,1200,30
23,1300,33
23,1400,33
23,1500,36
23,1600,39
23,1700,41
23,1800,43
23,1900,44
23,2000,46
23,2100,45
23,2200,45
23,2300,44
24,0,31
24,100,27
24,200,32
24,300,34
24,400,30
24,500,38
24,600,41
24,700,44
24,800,52
24,900,58
24,1000,62
24,1100,66
24,1200,70
24,1300,74
24,1400,73
24,1500,76
24,1600,75
24,1700,77
24,1800,78
24,1900,78
24,2000,79
24,2100,80
24,2200,79
24,2300,75
25,0,69
25,100,60
25,200,54
25,300,53
25,400,56
25,500,56
25,600,60
25,700,68
25,800,74
25,900,78
25,1000,79
25,1100,81
25,1200,81
25,1300,83
25,1400,83
25,1500,84
25,1600,85
25,1700,84
25,1800,84
25,1900,83
25,2000,83
25,2100,84
25,2200,82
25,2300,80
26,0,75
26,100,68
26,200,64
26,300,59
26,400,61
26,500,62
26,600,62
26,700,65
26,800,75
26,900,86
26,1000,85
26,1100,78
26,1200,69
26,1300,68
26,1400,62
26,1500,59
26,1600,55
26,1700,53
26,1800,48
26,1900,49
26,2000,47
26,2100,54
26,2200,55
26,2300,49
27,0,38
27,100,42
27,200,28
27,300,33
27,400,38
27,500,38
27,600,40
27,700,49
27,800,51
27,900,63
27,1000,64
27,1100,69
27,1200,75
27,1300,78
27,1400,80
27,1500,82
27,1600,80
27,1700,82
27,1800,82
27,1900,81
27,2000,82
27,2100,80
27,2200,80
27,2300,73
28,0,68
28,100,62
28,200,57
28,300,53
28,400,45
28,500,40
28,600,37
28,700,37
28,800,31
28,900,31
28,1000,39
28,1100,42
28,1200,52
28,1300,52
28,1400,56
28,1500,59
28,1600,67
28,1700,75
28,1800,86
28,1900,89
28,2000,92
28,2100,94
28,2200,95
28,2300,94
 Start : 20220301 ,,
1,0,92
1,100,90
1,200,85
1,300,83
1,400,77
1,500,69
1,600,53
1,700,44
1,800,51
1,900,58
1,1000,51
1,1100,48
1,1200,49
1,1300,48
1,1400,46
1,1500,47
1,1600,48
1,1700,51
1,1800,51
1,1900,52
1,2000,52
1,2100,64
1,2200,50
1,2300,57
2,0,40
2,100,36
2,200,33
2,300,32
2,400,34
2,500,36
2,600,42
2,700,48
2,800,55
2,900,64
2,1000,67
2,1100,70
2,1200,74
2,1300,76
2,1400,77
2,1500,81
2,1600,83
2,1700,85
2,1800,86
2,1900,87
2,2000,86
2,2100,85
2,2200,76
2,2300,69
3,0,46
3,100,35
3,200,27
3,300,22
3,400,26
3,500,22
3,600,24
3,700,23
3,800,25
3,900,28
3,1000,32
3,1100,32
3,1200,31
3,1300,32
3,1400,44
3,1500,44
3,1600,54
3,1700,57
3,1800,64
3,1900,52
3,2000,54
3,2100,54
3,2200,51
3,2300,52
4,0,55
4,100,55
4,200,51
4,300,45
4,400,39
4,500,34
4,600,38
4,700,47
4,800,59
4,900,70
4,1000,75
4,1100,74
4,1200,72
4,1300,70
4,1400,69
4,1500,64
4,1600,54
4,1700,47
4,1800,48
4,1900,57
4,2000,49
4,2100,37
4,2200,26
4,2300,23
5,0,21
5,100,21
5,200,21
5,300,20
5,400,22
5,500,22
5,600,22
5,700,21
5,800,28
5,900,28
5,1000,32
5,1100,34
5,1200,34
5,1300,35
5,1400,36
5,1500,40
5,1600,43
5,1700,43
5,1800,39
5,1900,38
5,2000,38
5,2100,36
5,2200,33
5,2300,28
6,0,26
6,100,22
6,200,21
6,300,19
6,400,19
6,500,16
6,600,17
6,700,18
6,800,31
6,900,39
6,1000,49
6,1100,49
6,1200,45
6,1300,48
6,1400,49
6,1500,49
6,1600,59
6,1700,60
6,1800,53
6,1900,52
6,2000,57
6,2100,63
6,2200,60
6,2300,59
7,0,51
7,100,37
7,200,34
7,300,28
7,400,24
7,500,22
7,600,28
7,700,31
7,800,39
7,900,40
7,1000,40
7,1100,38
7,1200,37
7,1300,36
7,1400,35
7,1500,36
7,1600,41
7,1700,49
7,1800,46
7,1900,48
7,2000,48
7,2100,46
7,2200,44
7,2300,43
8,0,48
8,100,49
8,200,48
8,300,46
8,400,44
8,500,43
8,600,46
8,700,50
8,800,57
8,900,62
8,1000,64
8,1100,69
8,1200,72
8,1300,76
8,1400,77
8,1500,74
8,1600,80
8,1700,81
8,1800,81
8,1900,81
8,2000,88
8,2100,87
8,2200,85
8,2300,79
9,0,70
9,100,61
9,200,52
9,300,34
9,400,39
9,500,38
9,600,41
9,700,44
9,800,52
9,900,58
9,1000,61
9,1100,62
9,1200,71
9,1300,76
9,1400,77
9,1500,79
9,1600,69
9,1700,68
9,1800,71
9,1900,70
9,2000,77
9,2100,70
9,2200,65
9,2300,63
10,0,43
10,100,36
10,200,21
10,300,18
10,400,17
10,500,20
10,600,21
10,700,26
10,800,25
10,900,38
10,1000,47
10,1100,48
10,1200,53
10,1300,63
10,1400,57
10,1500,56
10,1600,55
10,1700,59
10,1800,56
10,1900,62
10,2000,66
10,2100,58
10,2200,52
10,2300,53
11,0,53
11,100,46
11,200,46
11,300,51
11,400,52
11,500,49
11,600,47
11,700,49
11,800,51
11,900,58
11,1000,60
11,1100,62
11,1200,65
11,1300,70
11,1400,73
11,1500,74
11,1600,78
11,1700,78
11,1800,79
11,1900,77
11,2000,82
11,2100,74
11,2200,67
11,2300,65
12,0,57
12,100,51
12,200,54
12,300,50
12,400,54
12,500,52
12,600,56
12,700,67
12,800,76
12,900,85
12,1000,93
12,1100,96
12,1200,83
12,1300,75
12,1400,90
12,1500,94
12,1600,97
12,1700,98
12,1800,98
12,1900,97
12,2000,97
12,2100,98
12,2200,98
12,2300,98
13,0,98
13,100,97
13,200,96
13,300,98
13,400,98
13,500,94
13,600,92
13,700,90
13,800,91
13,900,92
13,1000,91
13,1100,92
13,1200,91
13,1300,90
13,1400,89
13,1500,89
13,1600,89
13,1700,89
13,1800,83
13,1900,84
13,2000,84
13,2100,83
13,2200,81
13,2300,80
14,0,82
14,100,81
14,200,79
14,300,93
14,400,94
14,500,95
14,600,96
14,700,95
14,800,94
14,900,87
14,1000,83
14,1100,83
14,1200,80
14,1300,79
14,1400,78
14,1500,77
14,1600,76
14,1700,81
14,1800,85
14,1900,87
14,2000,86
14,2100,85
14,2200,82
14,2300,79
15,0,73
15,100,69
15,200,64
15,300,61
15,400,55
15,500,49
15,600,47
15,700,49
15,800,52
15,900,57
15,1000,66
15,1100,66
15,1200,69
15,1300,72
15,1400,69
15,1500,67
15,1600,69
15,1700,77
15,1800,78
15,1900,88
15,2000,87
15,2100,85
15,2200,80
15,2300,71
16,0,62
16,100,42
16,200,39
16,300,39
16,400,40
16,500,40
16,600,38
16,700,42
16,800,47
16,900,51
16,1000,55
16,1100,57
16,1200,67
16,1300,63
16,1400,68
16,1500,69
16,1600,66
16,1700,60
16,1800,73
16,1900,61
16,2000,62
16,2100,63
16,2200,63
16,2300,62
17,0,59
17,100,54
17,200,49
17,300,48
17,400,45
17,500,46
17,600,47
17,700,49
17,800,51
17,900,67
17,1000,61
17,1100,62
17,1200,67
17,1300,68
17,1400,67
17,1500,69
17,1600,68
17,1700,65
17,1800,63
17,1900,61
17,2000,62
17,2100,64
17,2200,64
17,2300,59
18,0,56
18,100,54
18,200,53
18,300,53
18,400,53
18,500,51
18,600,50
18,700,51
18,800,52
18,900,54
18,1000,54
18,1100,55
18,1200,56
18,1300,57
18,1400,58
18,1500,60
18,1600,60
18,1700,75
18,1800,88
18,1900,91
18,2000,93
18,2100,94
18,2200,94
18,2300,94
19,0,94
19,100,94
19,200,93
19,300,87
19,400,81
19,500,76
19,600,73
19,700,71
19,800,72
19,900,74
19,1000,76
19,1100,74
19,1200,72
19,1300,73
19,1400,75
19,1500,82
19,1600,80
19,1700,83
19,1800,81
19,1900,82
19,2000,84
19,2100,84
19,2200,83
19,2300,80
20,0,87
20,100,68
20,200,62
20,300,55
20,400,49
20,500,40
20,600,40
20,700,43
20,800,48
20,900,55
20,1000,60
20,1100,60
20,1200,65
20,1300,45
20,1400,49
20,1500,49
20,1600,53
20,1700,53
20,1800,51
20,1900,51
20,2000,53
20,2100,55
20,2200,50
20,2300,51
21,0,46
21,100,41
21,200,35
21,300,26
21,400,26
21,500,25
21,600,35
21,700,35
21,800,38
21,900,34
21,1000,31
21,1100,36
21,1200,37
21,1300,43
21,1400,47
21,1500,47
21,1600,47
21,1700,-1
21,1800,47
21,1900,47
21,2000,44
21,2100,48
21,2200,47
21,2300,46
22,0,43
22,100,42
22,200,40
22,300,33
22,400,28
22,500,25
22,600,25
22,700,24
22,800,25
22,900,47
22,1000,56
22,1100,51
22,1200,53
22,1300,52
22,1400,50
22,1500,52
22,1600,54
22,1700,56
22,1800,61
22,1900,61
22,2000,63
22,2100,63
22,2200,65
22,2300,66
23,0,66
23,100,54
23,200,44
23,300,43
23,400,41
23,500,40
23,600,44
23,700,46
23,800,49
23,900,55
23,1000,57
23,1100,55
23,1200,51
23,1300,50
23,1400,52
23,1500,56
23,1600,63
23,1700,67
23,1800,70
23,1900,70
23,2000,69
23,2100,69
23,2200,68
23,2300,68
24,0,67
24,100,66
24,200,65
24,300,65
24,400,61
24,500,62
24,600,60
24,700,60
24,800,61
24,900,65
24,1000,68
24,1100,71
24,1200,70
24,1300,70
24,1400,71
24,1500,72
24,1600,72
24,1700,75
24,1800,77
24,1900,78
24,2000,77
24,2100,78
24,2200,75
24,2300,67
25,0,61
25,100,57
25,200,46
25,300,44
25,400,47
25,500,47
25,600,48
25,700,48
25,800,48
25,900,49
25,1000,55
25,1100,79
25,1200,90
25,1300,93
25,1400,93
25,1500,95
25,1600,96
25,1700,97
25,1800,97
25,1900,98
25,2000,98
25,2100,98
25,2200,96
25,2300,96
26,0,97
26,100,94
26,200,85
26,300,85
26,400,78
26,500,76
26,600,71
26,700,65
26,800,68
26,900,74
26,1000,74
26,1100,64
26,1200,45
26,1300,63
26,1400,65
26,1500,56
26,1600,59
26,1700,61
26,1800,68
26,1900,75
26,2000,75
26,2100,72
26,2200,65
26,2300,60
27,0,60
27,100,46
27,200,42
27,300,45
27,400,38
27,500,32
27,600,23
27,700,18
27,800,24
27,900,28
27,1000,28
27,1100,28
27,1200,27
27,1300,27
27,1400,30
27,1500,30
27,1600,35
27,1700,41
27,1800,42
27,1900,42
27,2000,54
27,2100,46
27,2200,36
27,2300,34
28,0,29
28,100,21
28,200,11
28,300,13
28,400,14
28,500,14
28,600,12
28,700,18
28,800,24
28,900,31
28,1000,29
28,1100,34
28,1200,44
28,1300,47
28,1400,42
28,1500,44
28,1600,46
28,1700,48
28,1800,52
28,1900,50
28,2000,53
28,2100,57
28,2200,44
28,2300,41
29,0,41
29,100,42
29,200,40
29,300,39
29,400,39
29,500,42
29,600,40
29,700,42
29,800,47
29,900,52
29,1000,55
29,1100,58
29,1200,60
29,1300,61
29,1400,62
29,1500,64
29,1600,66
29,1700,67
29,1800,79
29,1900,78
29,2000,76
29,2100,72
29,2200,67
29,2300,64
30,0,56
30,100,49
30,200,49
30,300,65
30,400,80
30,500,79
30,600,80
30,700,81
30,800,81
30,900,80
30,1000,85
30,1100,85
30,1200,85
30,1300,83
30,1400,84
30,1500,86
30,1600,87
30,1700,86
30,1800,85
30,1900,82
30,2000,80
30,2100,75
30,2200,71
30,2300,67
31,0,62
31,100,60
31,200,53
31,300,50
31,400,47
31,500,45
31,600,43
31,700,44
31,800,44
31,900,49
31,1000,49
31,1100,50
31,1200,58
31,1300,57
31,1400,59
31,1500,60
31,1600,64
31,1700,64
31,1800,65
31,1900,67
31,2000,69
31,2100,65
31,2200,60
31,2300,-1
 Start : 20220401 ,,
1,0,50
1,100,43
1,200,33
1,300,31
1,400,28
1,500,31
1,600,36
1,700,33
1,800,30
1,900,38
1,1000,37
1,1100,38
1,1200,28
1,1300,30
1,1400,40
1,1500,49
1,1600,55
1,1700,58
1,1800,53
1,1900,65
1,2000,74
1,2100,68
1,2200,64
1,2300,57
2,0,48
2,100,41
2,200,31
2,300,30
2,400,31
2,500,33
2,600,34
2,700,30
2,800,25
2,900,28
2,1000,41
2,1100,55
2,1200,64
2,1300,68
2,1400,74
2,1500,76
2,1600,77
2,1700,79
2,1800,76
2,1900,75
2,2000,76
2,2100,73
2,2200,68
2,2300,61
3,0,49
3,100,40
3,200,33
3,300,29
3,400,24
3,500,24
3,600,26
3,700,30
3,800,30
3,900,39
3,1000,50
3,1100,56
3,1200,57
3,1300,61
3,1400,62
3,1500,67
3,1600,67
3,1700,69
3,1800,71
3,1900,74
3,2000,71
3,2100,71
3,2200,64
3,2300,58
4,0,50
4,100,31
4,200,31
4,300,23
4,400,25
4,500,26
4,600,28
4,700,29
4,800,30
4,900,27
4,1000,35
4,1100,36
4,1200,40
4,1300,40
4,1400,41
4,1500,43
4,1600,42
4,1700,57
4,1800,53
4,1900,55
4,2000,60
4,2100,55
4,2200,51
4,2300,39
5,0,34
5,100,29
5,200,28
5,300,27
5,400,26
5,500,25
5,600,25
5,700,23
5,800,23
5,900,23
5,1000,26
5,1100,29
5,1200,30
5,1300,37
5,1400,45
5,1500,52
5,1600,60
5,1700,71
5,1800,74
5,1900,75
5,2000,77
5,2100,75
5,2200,74
5,2300,69
6,0,58
6,100,51
6,200,39
6,300,24
6,400,17
6,500,23
6,600,24
6,700,27
6,800,29
6,900,37
6,1000,38
6,1100,43
6,1200,41
6,1300,39
6,1400,37
6,1500,41
6,1600,36
6,1700,40
6,1800,42
6,1900,44
6,2000,45
6,2100,46
6,2200,46
6,2300,40
7,0,37
7,100,31
7,200,27
7,300,28
7,400,29
7,500,35
7,600,29
7,700,24
7,800,22
7,900,28
7,1000,44
7,1100,52
7,1200,56
7,1300,60
7,1400,66
7,1500,70
7,1600,69
7,1700,65
7,1800,72
7,1900,73
7,2000,72
7,2100,65
7,2200,58
7,2300,52
8,0,45
8,100,37
8,200,30
8,300,27
8,400,27
8,500,28
8,600,28
8,700,30
8,800,29
8,900,30
8,1000,37
8,1100,40
8,1200,41
8,1300,41
8,1400,40
8,1500,47
8,1600,49
8,1700,39
8,1800,44
8,1900,43
8,2000,45
8,2100,43
8,2200,64
8,2300,46
9,0,41
9,100,41
9,200,40
9,300,36
9,400,34
9,500,35
9,600,38
9,700,38
9,800,41
9,900,44
9,1000,44
9,1100,46
9,1200,45
9,1300,43
9,1400,45
9,1500,46
9,1600,-1
9,1700,-1
9,1800,62
9,1900,68
9,2000,74
9,2100,65
9,2200,60
9,2300,45
10,0,37
10,100,33
10,200,28
10,300,27
10,400,28
10,500,26
10,600,28
10,700,34
10,800,37
10,900,47
10,1000,53
10,1100,55
10,1200,54
10,1300,56
10,1400,58
10,1500,59
10,1600,59
10,1700,66
10,1800,65
10,1900,72
10,2000,67
10,2100,73
10,2200,61
10,2300,57
11,0,49
11,100,49
11,200,46
11,300,42
11,400,38
11,500,39
11,600,42
11,700,44
11,800,50
11,900,60
11,1000,66
11,1100,70
11,1200,76
11,1300,82
11,1400,85
11,1500,87
11,1600,89
11,1700,89
11,1800,87
11,1900,87
11,2000,86
11,2100,84
11,2200,81
11,2300,80
12,0,71
12,100,66
12,200,59
12,300,57
12,400,53
12,500,51
12,600,56
12,700,69
12,800,84
12,900,88
12,1000,86
12,1100,88
12,1200,91
12,1300,91
12,1400,91
12,1500,91
12,1600,94
12,1700,97
12,1800,98
12,1900,97
12,2000,91
12,2100,85
12,2200,78
12,2300,72
13,0,72
13,100,71
13,200,68
13,300,62
13,400,63
13,500,64
13,600,60
13,700,56
13,800,57
13,900,57
13,1000,56
13,1100,54
13,1200,49
13,1300,46
13,1400,48
13,1500,44
13,1600,46
13,1700,44
13,1800,43
13,1900,46
13,2000,54
13,2100,55
13,2200,60
13,2300,65
14,0,63
14,100,59
14,200,57
14,300,55
14,400,54
14,500,52
14,600,49
14,700,47
14,800,47
14,900,48
14,1000,50
14,1100,48
14,1200,49
14,1300,51
14,1400,51
14,1500,52
14,1600,51
14,1700,52
14,1800,53
14,1900,53
14,2000,54
14,2100,53
14,2200,51
14,2300,47
15,0,43
15,100,40
15,200,35
15,300,31
15,400,27
15,500,28
15,600,31
15,700,37
15,800,41
15,900,46
15,1000,41
15,1100,41
15,1200,53
15,1300,47
15,1400,50
15,1500,52
15,1600,55
15,1700,57
15,1800,58
15,1900,60
15,2000,69
15,2100,56
15,2200,55
15,2300,48
16,0,43
16,100,35
16,200,28
16,300,26
16,400,17
16,500,24
16,600,18
16,700,24
16,800,22
16,900,27
16,1000,40
16,1100,51
16,1200,61
16,1300,66
16,1400,71
16,1500,79
16,1600,82
16,1700,83
16,1800,83
16,1900,82
16,2000,81
16,2100,77
16,2200,68
16,2300,55
17,0,49
17,100,38
17,200,33
17,300,28
17,400,27
17,500,31
17,600,29
17,700,27
17,800,25
17,900,30
17,1000,40
17,1100,49
17,1200,54
17,1300,58
17,1400,60
17,1500,62
17,1600,60
17,1700,60
17,1800,58
17,1900,57
17,2000,55
17,2100,59
17,2200,55
17,2300,47
18,0,40
18,100,38
18,200,35
18,300,28
18,400,23
18,500,23
18,600,27
18,700,24
18,800,23
18,900,33
18,1000,39
18,1100,45
18,1200,53
18,1300,54
18,1400,54
18,1500,57
18,1600,60
18,1700,62
18,1800,64
18,1900,63
18,2000,65
18,2100,63
18,2200,56
18,2300,50
19,0,45
19,100,41
19,200,37
19,300,31
19,400,34
19,500,35
19,600,33
19,700,34
19,800,35
19,900,48
19,1000,52
19,1100,52
19,1200,54
19,1300,54
19,1400,58
19,1500,60
19,1600,63
19,1700,61
19,1800,63
19,1900,63
19,2000,66
19,2100,62
19,2200,53
19,2300,44
20,0,38
20,100,34
20,200,27
20,300,29
20,400,20
20,500,26
20,600,27
20,700,25
20,800,31
20,900,39
20,1000,43
20,1100,42
20,1200,51
20,1300,54
20,1400,54
20,1500,52
20,1600,46
20,1700,57
20,1800,56
20,1900,61
20,2000,62
20,2100,56
20,2200,59
20,2300,49
21,0,34
21,100,22
21,200,24
21,300,27
21,400,23
21,500,24
21,600,24
21,700,49
21,800,54
21,900,56
21,1000,55
21,1100,52
21,1200,56
21,1300,57
21,1400,57
21,1500,56
21,1600,56
21,1700,57
21,1800,59
21,1900,61
21,2000,63
21,2100,66
21,2200,64
21,2300,63
22,0,64
22,100,68
22,200,71
22,300,78
22,400,83
22,500,83
22,600,86
22,700,88
22,800,91
22,900,91
22,1000,88
22,1100,87
22,1200,87
22,1300,86
22,1400,86
22,1500,83
22,1600,86
22,1700,87
22,1800,90
22,1900,90
22,2000,88
22,2100,85
22,2200,81
22,2300,72
23,0,67
23,100,59
23,200,49
23,300,40
23,400,32
23,500,24
23,600,22
23,700,21
23,800,21
23,900,25
23,1000,48
23,1100,53
23,1200,58
23,1300,65
23,1400,62
23,1500,55
23,1600,55
23,1700,63
23,1800,80
23,1900,84
23,2000,88
23,2100,88
23,2200,84
23,2300,80
24,0,75
24,100,66
24,200,59
24,300,54
24,400,48
24,500,52
24,600,50
24,700,56
24,800,67
24,900,76
24,1000,84
24,1100,88
24,1200,88
24,1300,91
24,1400,91
24,1500,96
24,1600,98
24,1700,98
24,1800,98
24,1900,97
24,2000,97
24,2100,97
24,2200,96
24,2300,90
25,0,83
25,100,80
25,200,72
25,300,63
25,400,62
25,500,60
25,600,59
25,700,62
25,800,63
25,900,64
25,1000,69
25,1100,72
25,1200,74
25,1300,79
25,1400,80
25,1500,85
25,1600,85
25,1700,88
25,1800,91
25,1900,88
25,2000,83
25,2100,79
25,2200,70
25,2300,62
26,0,58
26,100,58
26,200,47
26,300,38
26,400,40
26,500,39
26,600,36
26,700,38
26,800,43
26,900,44
26,1000,47
26,1100,54
26,1200,60
26,1300,53
26,1400,38
26,1500,31
26,1600,28
26,1700,27
26,1800,28
26,1900,24
26,2000,23
26,2100,24
26,2200,24
26,2300,23
27,0,21
27,100,20
27,200,16
27,300,19
27,400,16
27,500,21
27,600,21
27,700,20
27,800,25
27,900,28
27,1000,38
27,1100,35
27,1200,42
27,1300,44
27,1400,50
27,1500,51
27,1600,51
27,1700,56
27,1800,51
27,1900,58
27,2000,48
27,2100,48
27,2200,49
27,2300,46
28,0,40
28,100,31
28,200,24
28,300,22
28,400,21
28,500,23
28,600,38
28,700,36
28,800,33
28,900,34
28,1000,43
28,1100,52
28,1200,54
28,1300,55
28,1400,59
28,1500,72
28,1600,86
28,1700,87
28,1800,89
28,1900,91
28,2000,88
28,2100,87
28,2200,83
28,2300,72
29,0,64
29,100,59
29,200,54
29,300,54
29,400,53
29,500,51
29,600,50
29,700,52
29,800,51
29,900,49
29,1000,49
29,1100,55
29,1200,58
29,1300,59
29,1400,60
29,1500,62
29,1600,64
29,1700,62
29,1800,61
29,1900,65
29,2000,61
29,2100,62
29,2200,62
29,2300,62
30,0,54
30,100,55
30,200,52
30,300,52
30,400,50
30,500,60
30,600,63
30,700,60
30,800,66
30,900,64
30,1000,71
30,1100,76
30,1200,79
30,1300,79
30,1400,66
30,1500,56
30,1600,56
30,1700,57
30,1800,56
30,1900,69
30,2000,70
30,2100,67
30,2200,61
30,2300,51
 Start : 20220501 ,,
1,0,42
1,100,23
1,200,21
1,300,22
1,400,21
1,500,23
1,600,27
1,700,30
1,800,38
1,900,47
1,1000,56
1,1100,63
1,1200,68
1,1300,74
1,1400,77
1,1500,81
1,1600,84
1,1700,87
1,1800,88
1,1900,87
1,2000,87
1,2100,85
1,2200,81
1,2300,67
2,0,57
2,100,33
2,200,27
2,300,30
2,400,27
2,500,26
2,600,26
2,700,26
2,800,34
2,900,35
2,1000,38
2,1100,43
2,1200,50
2,1300,52
2,1400,51
2,1500,52
2,1600,58
2,1700,63
2,1800,65
2,1900,72
2,2000,72
2,2100,67
2,2200,64
2,2300,56
3,0,43
3,100,31
3,200,28
3,300,26
3,400,23
3,500,26
3,600,26
3,700,27
3,800,31
3,900,37
3,1000,39
3,1100,42
3,1200,44
3,1300,47
3,1400,41
3,1500,38
3,1600,46
3,1700,57
3,1800,54
3,1900,59
3,2000,58
3,2100,52
3,2200,40
3,2300,34
4,0,28
4,100,28
4,200,32
4,300,34
4,400,34
4,500,34
4,600,34
4,700,35
4,800,36
4,900,38
4,1000,43
4,1100,44
4,1200,45
4,1300,43
4,1400,42
4,1500,47
4,1600,44
4,1700,48
4,1800,52
4,1900,56
4,2000,62
4,2100,53
4,2200,49
4,2300,34
5,0,27
5,100,36
5,200,37
5,300,31
5,400,30
5,500,30
5,600,36
5,700,43
5,800,47
5,900,53
5,1000,55
5,1100,56
5,1200,59
5,1300,62
5,1400,64
5,1500,69
5,1600,71
5,1700,69
5,1800,72
5,1900,74
5,2000,73
5,2100,71
5,2200,65
5,2300,59
6,0,56
6,100,50
6,200,45
6,300,47
6,400,41
6,500,43
6,600,41
6,700,40
6,800,53
6,900,59
6,1000,79
6,1100,81
6,1200,82
6,1300,85
6,1400,83
6,1500,84
6,1600,85
6,1700,87
6,1800,89
6,1900,94
6,2000,91
6,2100,88
6,2200,86
6,2300,81
7,0,69
7,100,54
7,200,32
7,300,23
7,400,20
7,500,18
7,600,17
7,700,18
7,800,20
7,900,24
7,1000,25
7,1100,27
7,1200,32
7,1300,26
7,1400,39
7,1500,39
7,1600,40
7,1700,40
7,1800,40
7,1900,40
7,2000,39
7,2100,39
7,2200,37
7,2300,37
8,0,36
8,100,33
8,200,33
8,300,35
8,400,36
8,500,35
8,600,38
8,700,38
8,800,44
8,900,55
8,1000,71
8,1100,84
8,1200,85
8,1300,83
8,1400,82
8,1500,78
8,1600,82
8,1700,78
8,1800,78
8,1900,78
8,2000,75
8,2100,74
8,2200,68
8,2300,59
9,0,54
9,100,47
9,200,42
9,300,36
9,400,34
9,500,34
9,600,32
9,700,31
9,800,33
9,900,34
9,1000,47
9,1100,49
9,1200,54
9,1300,57
9,1400,56
9,1500,53
9,1600,55
9,1700,60
9,1800,54
9,1900,57
9,2000,55
9,2100,53
9,2200,41
9,2300,36
10,0,37
10,100,28
10,200,23
10,300,19
10,400,16
10,500,18
10,600,18
10,700,18
10,800,19
10,900,24
10,1000,26
10,1100,30
10,1200,30
10,1300,35
10,1400,42
10,1500,39
10,1600,38
10,1700,45
10,1800,45
10,1900,48
10,2000,54
10,2100,57
10,2200,54
10,2300,50
11,0,44
11,100,40
11,200,39
11,300,39
11,400,37
11,500,38
11,600,39
11,700,43
11,800,47
11,900,49
11,1000,52
11,1100,53
11,1200,56
11,1300,59
11,1400,62
11,1500,64
11,1600,62
11,1700,58
11,1800,62
11,1900,62
11,2000,62
11,2100,61
11,2200,57
11,2300,53
12,0,49
12,100,49
12,200,45
12,300,39
12,400,39
12,500,37
12,600,36
12,700,34
12,800,35
12,900,41
12,1000,44
12,1100,49
12,1200,50
12,1300,51
12,1400,44
12,1500,42
12,1600,42
12,1700,44
12,1800,46
12,1900,46
12,2000,46
12,2100,45
12,2200,44
12,2300,42
13,0,43
13,100,43
13,200,41
13,300,39
13,400,37
13,500,31
13,600,29
13,700,29
13,800,32
13,900,37
13,1000,47
13,1100,45
13,1200,46
13,1300,48
13,1400,49
13,1500,51
13,1600,53
13,1700,55
13,1800,55
13,1900,49
13,2000,48
13,2100,45
13,2200,38
13,2300,34
14,0,30
14,100,27
14,200,35
14,300,37
14,400,31
14,500,40
14,600,30
14,700,-1
14,800,32
14,900,38
14,1000,43
14,1100,40
14,1200,35
14,1300,36
14,1400,38
14,1500,41
14,1600,43
14,1700,45
14,1800,44
14,1900,46
14,2000,45
14,2100,41
14,2200,43
14,2300,36
15,0,30
15,100,24
15,200,24
15,300,24
15,400,25
15,500,29
15,600,25
15,700,24
15,800,25
15,900,27
15,1000,30
15,1100,39
15,1200,48
15,1300,34
15,1400,46
15,1500,49
15,1600,55
15,1700,57
15,1800,59
15,1900,64
15,2000,63
15,2100,58
15,2200,50
15,2300,47
16,0,46
16,100,43
16,200,40
16,300,39
16,400,38
16,500,40
16,600,40
16,700,40
16,800,42
16,900,48
16,1000,53
16,1100,64
16,1200,69
16,1300,71
16,1400,74
16,1500,74
16,1600,74
16,1700,71
16,1800,72
16,1900,69
16,2000,69
16,2100,63
16,2200,59
16,2300,55
17,0,50
17,100,47
17,200,44
17,300,39
17,400,40
17,500,37
17,600,43
17,700,45
17,800,48
17,900,53
17,1000,57
17,1100,61
17,1200,63
17,1300,66
17,1400,71
17,1500,74
17,1600,72
17,1700,72
17,1800,72
17,1900,70
17,2000,65
17,2100,58
17,2200,54
17,2300,62
18,0,76
18,100,60
18,200,46
18,300,40
18,400,40
18,500,41
18,600,45
18,700,44
18,800,42
18,900,44
18,1000,46
18,1100,50
18,1200,54
18,1300,57
18,1400,61
18,1500,63
18,1600,66
18,1700,63
18,1800,61
18,1900,62
18,2000,60
18,2100,56
18,2200,50
18,2300,44
19,0,44
19,100,44
19,200,45
19,300,46
19,400,46
19,500,47
19,600,46
19,700,44
19,800,42
19,900,40
19,1000,42
19,1100,43
19,1200,47
19,1300,53
19,1400,55
19,1500,55
19,1600,55
19,1700,50
19,1800,51
19,1900,55
19,2000,60
19,2100,51
19,2200,51
19,2300,48
20,0,51
20,100,49
20,200,40
20,300,40
20,400,41
20,500,41
20,600,37
20,700,36
20,800,34
20,900,47
20,1000,52
20,1100,59
20,1200,64
20,1300,70
20,1400,80
20,1500,82
20,1600,85
20,1700,86
20,1800,86
20,1900,85
20,2000,84
20,2100,83
20,2200,76
20,2300,69
21,0,64
21,100,61
21,200,57
21,300,54
21,400,56
21,500,55
21,600,52
21,700,51
21,800,54
21,900,61
21,1000,74
21,1100,83
21,1200,83
21,1300,83
21,1400,84
21,1500,84
21,1600,84
21,1700,85
21,1800,83
21,1900,83
21,2000,83
21,2100,83
21,2200,81
21,2300,72
22,0,67
22,100,63
22,200,61
22,300,57
22,400,59
22,500,57
22,600,59
22,700,61
22,800,64
22,900,68
22,1000,72
22,1100,76
22,1200,79
22,1300,82
22,1400,84
22,1500,87
22,1600,85
22,1700,85
22,1800,85
22,1900,84
22,2000,83
22,2100,82
22,2200,78
22,2300,69
23,0,67
23,100,60
23,200,56
23,300,48
23,400,46
23,500,43
23,600,41
23,700,48
23,800,51
23,900,57
23,1000,56
23,1100,55
23,1200,61
23,1300,67
23,1400,74
23,1500,77
23,1600,78
23,1700,79
23,1800,79
23,1900,80
23,2000,76
23,2100,74
23,2200,62
23,2300,57
24,0,48
24,100,38
24,200,38
24,300,35
24,400,35
24,500,31
24,600,32
24,700,34
24,800,39
24,900,47
24,1000,51
24,1100,54
24,1200,54
24,1300,58
24,1400,62
24,1500,63
24,1600,69
24,1700,75
24,1800,76
24,1900,77
24,2000,72
24,2100,71
24,2200,63
24,2300,57
25,0,53
25,100,47
25,200,48
25,300,45
25,400,42
25,500,42
25,600,42
25,700,48
25,800,56
25,900,72
25,1000,82
25,1100,87
25,1200,93
25,1300,91
25,1400,88
25,1500,82
25,1600,83
25,1700,85
25,1800,85
25,1900,81
25,2000,84
25,2100,79
25,2200,74
25,2300,66
26,0,58
26,100,49
26,200,43
26,300,39
26,400,37
26,500,32
26,600,30
26,700,31
26,800,30
26,900,34
26,1000,40
26,1100,46
26,1200,53
26,1300,61
26,1400,66
26,1500,71
26,1600,75
26,1700,79
26,1800,81
26,1900,82
26,2000,84
26,2100,76
26,2200,65
26,2300,58
27,0,52
27,100,47
27,200,47
27,300,46
27,400,48
27,500,49
27,600,50
27,700,50
27,800,54
27,900,55
27,1000,54
27,1100,56
27,1200,59
27,1300,66
27,1400,67
27,1500,66
27,1600,66
27,1700,75
27,1800,73
27,1900,75
27,2000,72
27,2100,66
27,2200,69
27,2300,63
28,0,58
28,100,52
28,200,48
28,300,42
28,400,40
28,500,35
28,600,43
28,700,41
28,800,32
28,900,34
28,1000,36
28,1100,44
28,1200,47
28,1300,43
28,1400,53
28,1500,74
28,1600,80
28,1700,81
28,1800,81
28,1900,79
28,2000,79
28,2100,78
28,2200,77
28,2300,72
29,0,69
29,100,67
29,200,56
29,300,51
29,400,46
29,500,46
29,600,41
29,700,41
29,800,51
29,900,62
29,1000,68
29,1100,72
29,1200,74
29,1300,77
29,1400,76
29,1500,78
29,1600,73
29,1700,72
29,1800,77
29,1900,73
29,2000,72
29,2100,76
29,2200,67
29,2300,71
30,0,67
30,100,67
30,200,66
30,300,63
30,400,63
30,500,68
30,600,73
30,700,76
30,800,80
30,900,82
30,1000,77
30,1100,54
30,1200,51
30,1300,59
30,1400,-1
30,1500,45
30,1600,46
30,1700,49
30,1800,53
30,1900,66
30,2000,65
30,2100,61
30,2200,52
30,2300,52
31,0,55
31,100,46
31,200,33
31,300,32
31,400,24
31,500,21
31,600,26
31,700,20
31,800,22
31,900,25
31,1000,32
31,1100,37
31,1200,41
31,1300,39
31,1400,42
31,1500,42
31,1600,44
31,1700,43
31,1800,43
31,1900,45
31,2000,44
31,2100,40
31,2200,39
31,2300,39
 Start : 20220601 ,,
1,0,31
1,100,29
1,200,21
1,300,19
1,400,19
1,500,-1
1,600,21
1,700,28
1,800,32
1,900,39
1,1000,43
1,1100,46
1,1200,53
1,1300,58
1,1400,62
1,1500,66
1,1600,68
1,1700,65
1,1800,81
1,1900,82
1,2000,81
1,2100,77
1,2200,68
1,2300,65
2,0,60
2,100,53
2,200,52
2,300,51
2,400,51
2,500,50
2,600,51
2,700,56
2,800,60
2,900,65
2,1000,71
2,1100,76
2,1200,79
2,1300,81
2,1400,81
2,1500,82
2,1600,82
2,1700,79
2,1800,78
2,1900,79
2,2000,80
2,2100,76
2,2200,66
2,2300,64
3,0,63
3,100,54
3,200,46
3,300,39
3,400,34
3,500,38
3,600,45
3,700,50
3,800,54
3,900,61
3,1000,66
3,1100,68
3,1200,72
3,1300,71
3,1400,77
3,1500,80
3,1600,63
3,1700,72
3,1800,73
3,1900,65
3,2000,63
3,2100,59
3,2200,54
3,2300,49
4,0,51
4,100,47
4,200,49
4,300,48
4,400,49
4,500,48
4,600,49
4,700,47
4,800,46
4,900,49
4,1000,51
4,1100,52
4,1200,55
4,1300,55
4,1400,54
4,1500,55
4,1600,56
4,1700,59
4,1800,57
4,1900,59
4,2000,58
4,2100,55
4,2200,56
4,2300,51
5,0,48
5,100,45
5,200,48
5,300,55
5,400,57
5,500,63
5,600,59
5,700,58
5,800,59
5,900,60
5,1000,69
5,1100,76
5,1200,73
5,1300,74
5,1400,75
5,1500,82
5,1600,85
5,1700,87
5,1800,85
5,1900,90
5,2000,89
5,2100,87
5,2200,91
5,2300,-1
6,0,-1
6,100,74
6,200,67
6,300,57
6,400,54
6,500,52
6,600,51
6,700,48
6,800,52
6,900,53
6,1000,53
6,1100,56
6,1200,58
6,1300,59
6,1400,59
6,1500,60
6,1600,61
6,1700,63
6,1800,63
6,1900,64
6,2000,-1
6,2100,64
6,2200,60
6,2300,58
7,0,51
7,100,49
7,200,44
7,300,43
7,400,44
7,500,43
7,600,42
7,700,47
7,800,46
7,900,49
7,1000,52
7,1100,53
7,1200,56
7,1300,58
7,1400,59
7,1500,61
7,1600,-1
7,1700,63
7,1800,-1
7,1900,67
7,2000,65
7,2100,-1
7,2200,60
7,2300,57
8,0,59
8,100,53
8,200,-1
8,300,54
8,400,47
8,500,48
8,600,55
8,700,52
8,800,50
8,900,60
8,1000,67
8,1100,68
8,1200,71
8,1300,69
8,1400,73
8,1500,78
8,1600,82
8,1700,84
8,1800,84
8,1900,84
8,2000,86
8,2100,83
8,2200,83
8,2300,79
9,0,73
9,100,74
9,200,69
9,300,68
9,400,90
9,500,73
9,600,74
9,700,57
9,800,57
9,900,71
9,1000,73
9,1100,75
9,1200,76
9,1300,79
9,1400,83
9,1500,84
9,1600,86
9,1700,86
9,1800,87
9,1900,87
9,2000,87
9,2100,81
9,2200,75
9,2300,70
10,0,66
10,100,56
10,200,56
10,300,56
10,400,67
10,500,83
10,600,73
10,700,75
10,800,65
10,900,65
10,1000,73
10,1100,71
10,1200,72
10,1300,74
10,1400,77
10,1500,80
10,1600,82
10,1700,83
10,1800,85
10,1900,84
10,2000,84
10,2100,76
10,2200,67
10,2300,58
11,0,51
11,100,44
11,200,42
11,300,40
11,400,36
11,500,34
11,600,39
11,700,43
11,800,44
11,900,51
11,1000,54
11,1100,58
11,1200,60
11,1300,60
11,1400,61
11,1500,62
11,1600,62
11,1700,63
11,1800,64
11,1900,66
11,2000,63
11,2100,61
11,2200,59
11,2300,53
12,0,50
12,100,51
12,200,47
12,300,45
12,400,43
12,500,40
12,600,41
12,700,45
12,800,53
12,900,58
12,1000,62
12,1100,70
12,1200,73
12,1300,81
12,1400,82
12,1500,82
12,1600,92
12,1700,96
12,1800,93
12,1900,93
12,2000,94
12,2100,90
12,2200,80
12,2300,72
13,0,65
13,100,60
13,200,57
13,300,76
13,400,68
13,500,66
13,600,70
13,700,62
13,800,57
13,900,59
13,1000,58
13,1100,59
13,1200,57
13,1300,57
13,1400,57
13,1500,56
13,1600,58
13,1700,59
13,1800,61
13,1900,61
13,2000,60
13,2100,57
13,2200,54
13,2300,50
14,0,48
14,100,46
14,200,45
14,300,45
14,400,48
14,500,49
14,600,50
14,700,51
14,800,50
14,900,51
14,1000,52
14,1100,56
14,1200,60
14,1300,68
14,1400,76
14,1500,86
14,1600,90
14,1700,92
14,1800,91
14,1900,90
14,2000,91
14,2100,90
14,2200,90
14,2300,92
15,0,91
15,100,93
15,200,94
15,300,90
15,400,89
15,500,88
15,600,87
15,700,88
15,800,86
15,900,87
15,1000,88
15,1100,88
15,1200,92
15,1300,95
15,1400,97
15,1500,97
15,1600,96
15,1700,96
15,1800,95
15,1900,93
15,2000,93
15,2100,95
15,2200,95
15,2300,92
16,0,84
16,100,79
16,200,80
16,300,74
16,400,67
16,500,63
16,600,63
16,700,55
16,800,57
16,900,63
16,1000,68
16,1100,72
16,1200,75
16,1300,75
16,1400,81
16,1500,86
16,1600,88
16,1700,85
16,1800,87
16,1900,90
16,2000,88
16,2100,85
16,2200,78
16,2300,79
17,0,79
17,100,74
17,200,66
17,300,60
17,400,60
17,500,64
17,600,66
17,700,66
17,800,71
17,900,72
17,1000,75
17,1100,78
17,1200,81
17,1300,84
17,1400,85
17,1500,85
17,1600,87
17,1700,85
17,1800,86
17,1900,87
17,2000,87
17,2100,81
17,2200,81
17,2300,79
18,0,77
18,100,76
18,200,75
18,300,77
18,400,79
18,500,84
18,600,79
18,700,76
18,800,76
18,900,77
18,1000,80
18,1100,84
18,1200,84
18,1300,84
18,1400,84
18,1500,85
18,1600,85
18,1700,87
18,1800,87
18,1900,88
18,2000,86
18,2100,85
18,2200,89
18,2300,84
19,0,82
19,100,82
19,200,81
19,300,79
19,400,80
19,500,80
19,600,81
19,700,78
19,800,77
19,900,77
19,1000,77
19,1100,79
19,1200,81
19,1300,83
19,1400,87
19,1500,90
19,1600,92
19,1700,93
19,1800,94
19,1900,94
19,2000,93
19,2100,89
19,2200,83
19,2300,82
20,0,76
20,100,72
20,200,63
20,300,67
20,400,64
20,500,65
20,600,59
20,700,59
20,800,60
20,900,63
20,1000,71
20,1100,75
20,1200,81
20,1300,84
20,1400,88
20,1500,90
20,1600,92
20,1700,93
20,1800,94
20,1900,95
20,2000,92
20,2100,87
20,2200,75
20,2300,72
21,0,69
21,100,65
21,200,54
21,300,50
21,400,48
21,500,51
21,600,51
21,700,52
21,800,58
21,900,60
21,1000,66
21,1100,76
21,1200,79
21,1300,81
21,1400,80
21,1500,83
21,1600,84
21,1700,87
21,1800,89
21,1900,88
21,2000,87
21,2100,87
21,2200,84
21,2300,78
22,0,71
22,100,67
22,200,-1
22,300,62
22,400,57
22,500,53
22,600,43
22,700,48
22,800,59
22,900,62
22,1000,64
22,1100,69
22,1200,73
22,1300,72
22,1400,72
22,1500,76
22,1600,78
22,1700,81
22,1800,81
22,1900,83
22,2000,82
22,2100,78
22,2200,77
22,2300,86
23,0,87
23,100,81
23,200,79
23,300,94
23,400,97
23,500,97
23,600,97
23,700,97
23,800,97
23,900,98
23,1000,98
23,1100,97
23,1200,97
23,1300,97
23,1400,97
23,1500,98
23,1600,98
23,1700,98
23,1800,98
23,1900,98
23,2000,98
23,2100,98
23,2200,98
23,2300,95
24,0,81
24,100,81
24,200,84
24,300,87
24,400,89
24,500,90
24,600,84
24,700,80
24,800,76
24,900,76
24,1000,80
24,1100,83
24,1200,86
24,1300,88
24,1400,89
24,1500,89
24,1600,90
24,1700,89
24,1800,89
24,1900,89
24,2000,86
24,2100,85
24,2200,81
24,2300,78
25,0,79
25,100,73
25,200,70
25,300,69
25,400,69
25,500,68
25,600,71
25,700,72
25,800,74
25,900,75
25,1000,76
25,1100,79
25,1200,81
25,1300,83
25,1400,85
25,1500,84
25,1600,83
25,1700,81
25,1800,82
25,1900,84
25,2000,85
25,2100,84
25,2200,85
25,2300,84
26,0,85
26,100,83
26,200,84
26,300,82
26,400,82
26,500,81
26,600,82
26,700,81
26,800,80
26,900,82
26,1000,81
26,1100,82
26,1200,83
26,1300,80
26,1400,80
26,1500,83
26,1600,90
26,1700,89
26,1800,91
26,1900,90
26,2000,88
26,2100,85
26,2200,83
26,2300,82
27,0,80
27,100,78
27,200,84
27,300,88
27,400,94
27,500,92
27,600,91
27,700,92
27,800,85
27,900,81
27,1000,79
27,1100,79
27,1200,78
27,1300,77
27,1400,77
27,1500,74
27,1600,74
27,1700,73
27,1800,76
27,1900,78
27,2000,77
27,2100,77
27,2200,77
27,2300,75
28,0,74
28,100,76
28,200,76
28,300,79
28,400,86
28,500,83
28,600,81
28,700,81
28,800,80
28,900,79
28,1000,80
28,1100,76
28,1200,78
28,1300,88
28,1400,94
28,1500,96
28,1600,96
28,1700,96
28,1800,93
28,1900,94
28,2000,92
28,2100,92
28,2200,91
28,2300,91
29,0,92
29,100,90
29,200,94
29,300,97
29,400,97
29,500,90
29,600,89
29,700,87
29,800,92
29,900,94
29,1000,97
29,1100,98
29,1200,98
29,1300,98
29,1400,98
29,1500,98
29,1600,98
29,1700,98
29,1800,98
29,1900,98
29,2000,98
29,2100,98
29,2200,98
29,2300,98
30,0,98
30,100,98
30,200,98
30,300,98
30,400,98
30,500,97
30,600,97
30,700,97
30,800,98
30,900,98
30,1000,98
30,1100,98
30,1200,98
30,1300,98
30,1400,98
30,1500,98
30,1600,98
30,1700,98
30,1800,98
30,1900,98
30,2000,98
30,2100,97
30,2200,89
30,2300,82
 Start : 20220701 ,,
1,0,76
1,100,77
1,200,67
1,300,67
1,400,62
1,500,64
1,600,65
1,700,66
1,800,68
1,900,73
1,1000,78
1,1100,81
1,1200,84
1,1300,85
1,1400,85
1,1500,89
1,1600,89
1,1700,90
1,1800,93
1,1900,92
1,2000,92
1,2100,87
1,2200,77
1,2300,68
2,0,66
2,100,62
2,200,54
2,300,51
2,400,48
2,500,49
2,600,52
2,700,58
2,800,62
2,900,66
2,1000,70
2,1100,72
2,1200,79
2,1300,84
2,1400,86
2,1500,89
2,1600,92
2,1700,93
2,1800,94
2,1900,96
2,2000,94
2,2100,91
2,2200,82
2,2300,76
3,0,62
3,100,57
3,200,52
3,300,50
3,400,45
3,500,49
3,600,51
3,700,51
3,800,55
3,900,59
3,1000,60
3,1100,66
3,1200,70
3,1300,75
3,1400,73
3,1500,76
3,1600,80
3,1700,83
3,1800,85
3,1900,82
3,2000,80
3,2100,80
3,2200,73
3,2300,74
4,0,60
4,100,62
4,200,64
4,300,62
4,400,66
4,500,59
4,600,59
4,700,63
4,800,67
4,900,69
4,1000,67
4,1100,69
4,1200,69
4,1300,70
4,1400,75
4,1500,75
4,1600,79
4,1700,79
4,1800,83
4,1900,85
4,2000,85
4,2100,81
4,2200,76
4,2300,77
5,0,70
5,100,66
5,200,65
5,300,62
5,400,73
5,500,70
5,600,66
5,700,65
5,800,69
5,900,72
5,1000,71
5,1100,73
5,1200,78
5,1300,80
5,1400,76
5,1500,81
5,1600,82
5,1700,87
5,1800,87
5,1900,85
5,2000,85
5,2100,83
5,2200,82
5,2300,80
6,0,76
6,100,74
6,200,72
6,300,71
6,400,69
6,500,68
6,600,67
6,700,64
6,800,65
6,900,69
6,1000,69
6,1100,71
6,1200,91
6,1300,97
6,1400,98
6,1500,98
6,1600,98
6,1700,97
6,1800,94
6,1900,88
6,2000,88
6,2100,89
6,2200,83
6,2300,77
7,0,71
7,100,70
7,200,71
7,300,73
7,400,70
7,500,84
7,600,77
7,700,80
7,800,87
7,900,88
7,1000,89
7,1100,90
7,1200,93
7,1300,91
7,1400,88
7,1500,87
7,1600,93
7,1700,93
7,1800,93
7,1900,91
7,2000,90
7,2100,90
7,2200,92
7,2300,90
8,0,87
8,100,83
8,200,81
8,300,81
8,400,78
8,500,79
8,600,73
8,700,74
8,800,68
8,900,74
8,1000,82
8,1100,84
8,1200,84
8,1300,84
8,1400,90
8,1500,92
8,1600,93
8,1700,94
8,1800,92
8,1900,93
8,2000,92
8,2100,90
8,2200,89
8,2300,88
9,0,84
9,100,82
9,200,76
9,300,67
9,400,69
9,500,69
9,600,70
9,700,72
9,800,74
9,900,72
9,1000,76
9,1100,76
9,1200,79
9,1300,79
9,1400,83
9,1500,83
9,1600,84
9,1700,84
9,1800,87
9,1900,88
9,2000,86
9,2100,85
9,2200,80
9,2300,73
10,0,68
10,100,70
10,200,64
10,300,53
10,400,53
10,500,48
10,600,48
10,700,54
10,800,61
10,900,64
10,1000,65
10,1100,63
10,1200,62
10,1300,60
10,1400,54
10,1500,82
10,1600,78
10,1700,79
10,1800,75
10,1900,77
10,2000,84
10,2100,82
10,2200,79
10,2300,74
11,0,69
11,100,65
11,200,64
11,300,69
11,400,79
11,500,73
11,600,85
11,700,86
11,800,77
11,900,74
11,1000,71
11,1100,71
11,1200,72
11,1300,71
11,1400,71
11,1500,71
11,1600,73
11,1700,72
11,1800,74
11,1900,75
11,2000,74
11,2100,71
11,2200,69
11,2300,64
12,0,64
12,100,63
12,200,63
12,300,64
12,400,70
12,500,68
12,600,70
12,700,71
12,800,71
12,900,72
12,1000,71
12,1100,73
12,1200,73
12,1300,76
12,1400,77
12,1500,78
12,1600,80
12,1700,90
12,1800,95
12,1900,95
12,2000,94
12,2100,91
12,2200,90
12,2300,91
13,0,93
13,100,96
13,200,97
13,300,97
13,400,97
13,500,98
13,600,98
13,700,98
13,800,98
13,900,98
13,1000,98
13,1100,98
13,1200,98
13,1300,98
13,1400,98
13,1500,98
13,1600,98
13,1700,98
13,1800,98
13,1900,98
13,2000,98
13,2100,98
13,2200,98
13,2300,98
14,0,86
14,100,82
14,200,81
14,300,72
14,400,70
14,500,67
14,600,74
14,700,74
14,800,73
14,900,75
14,1000,84
14,1100,87
14,1200,88
14,1300,89
14,1400,89
14,1500,90
14,1600,92
14,1700,93
14,1800,95
14,1900,93
14,2000,93
14,2100,91
14,2200,83
14,2300,82
15,0,75
15,100,70
15,200,65
15,300,65
15,400,66
15,500,61
15,600,62
15,700,59
15,800,61
15,900,62
15,1000,73
15,1100,79
15,1200,83
15,1300,86
15,1400,89
15,1500,89
15,1600,88
15,1700,87
15,1800,86
15,1900,86
15,2000,88
15,2100,87
15,2200,84
15,2300,81
16,0,70
16,100,79
16,200,80
16,300,82
16,400,86
16,500,79
16,600,80
16,700,92
16,800,94
16,900,94
16,1000,90
16,1100,89
16,1200,88
16,1300,89
16,1400,89
16,1500,89
16,1600,90
16,1700,90
16,1800,91
16,1900,90
16,2000,91
16,2100,87
16,2200,88
16,2300,86
17,0,83
17,100,80
17,200,85
17,300,77
17,400,72
17,500,63
17,600,70
17,700,67
17,800,69
17,900,72
17,1000,74
17,1100,71
17,1200,74
17,1300,75
17,1400,80
17,1500,85
17,1600,85
17,1700,86
17,1800,86
17,1900,88
17,2000,86
17,2100,83
17,2200,80
17,2300,-1
18,0,69
18,100,74
18,200,70
18,300,58
18,400,66
18,500,70
18,600,71
18,700,70
18,800,68
18,900,68
18,1000,73
18,1100,74
18,1200,78
18,1300,78
18,1400,80
18,1500,81
18,1600,83
18,1700,83
18,1800,85
18,1900,84
18,2000,85
18,2100,87
18,2200,81
18,2300,76
19,0,72
19,100,63
19,200,63
19,300,67
19,400,60
19,500,55
19,600,57
19,700,64
19,800,68
19,900,74
19,1000,77
19,1100,81
19,1200,85
19,1300,86
19,1400,87
19,1500,87
19,1600,89
19,1700,89
19,1800,91
19,1900,91
19,2000,90
19,2100,89
19,2200,85
19,2300,-1
20,0,76
20,100,67
20,200,60
20,300,57
20,400,58
20,500,57
20,600,59
20,700,57
20,800,63
20,900,71
20,1000,70
20,1100,79
20,1200,85
20,1300,88
20,1400,91
20,1500,92
20,1600,93
20,1700,93
20,1800,95
20,1900,95
20,2000,96
20,2100,97
20,2200,97
20,2300,97
21,0,96
21,100,87
21,200,83
21,300,81
21,400,80
21,500,77
21,600,79
21,700,77
21,800,76
21,900,79
21,1000,78
21,1100,78
21,1200,78
21,1300,79
21,1400,80
21,1500,81
21,1600,83
21,1700,86
21,1800,86
21,1900,88
21,2000,86
21,2100,86
21,2200,83
21,2300,80
22,0,77
22,100,71
22,200,72
22,300,76
22,400,84
22,500,93
22,600,89
22,700,83
22,800,82
22,900,84
22,1000,83
22,1100,86
22,1200,88
22,1300,89
22,1400,90
22,1500,91
22,1600,93
22,1700,93
22,1800,92
22,1900,93
22,2000,93
22,2100,91
22,2200,86
22,2300,81
23,0,77
23,100,73
23,200,76
23,300,70
23,400,71
23,500,71
23,600,72
23,700,82
23,800,83
23,900,91
23,1000,94
23,1100,94
23,1200,95
23,1300,95
23,1400,97
23,1500,97
23,1600,97
23,1700,97
23,1800,95
23,1900,95
23,2000,94
23,2100,92
23,2200,84
23,2300,82
24,0,79
24,100,79
24,200,77
24,300,73
24,400,80
24,500,80
24,600,75
24,700,75
24,800,81
24,900,81
24,1000,82
24,1100,82
24,1200,82
24,1300,84
24,1400,86
24,1500,90
24,1600,93
24,1700,91
24,1800,93
24,1900,95
24,2000,95
24,2100,92
24,2200,78
24,2300,80
25,0,68
25,100,71
25,200,66
25,300,61
25,400,62
25,500,60
25,600,52
25,700,56
25,800,61
25,900,67
25,1000,74
25,1100,82
25,1200,81
25,1300,84
25,1400,85
25,1500,87
25,1600,86
25,1700,85
25,1800,93
25,1900,90
25,2000,92
25,2100,84
25,2200,76
25,2300,71
26,0,72
26,100,67
26,200,56
26,300,58
26,400,55
26,500,57
26,600,57
26,700,61
26,800,61
26,900,68
26,1000,70
26,1100,70
26,1200,72
26,1300,74
26,1400,78
26,1500,80
26,1600,78
26,1700,83
26,1800,84
26,1900,87
26,2000,87
26,2100,85
26,2200,81
26,2300,67
27,0,66
27,100,63
27,200,60
27,300,60
27,400,60
27,500,56
27,600,62
27,700,57
27,800,58
27,900,60
27,1000,58
27,1100,60
27,1200,59
27,1300,63
27,1400,66
27,1500,72
27,1600,71
27,1700,74
27,1800,72
27,1900,72
27,2000,74
27,2100,72
27,2200,67
27,2300,64
28,0,64
28,100,61
28,200,58
28,300,55
28,400,52
28,500,56
28,600,57
28,700,59
28,800,59
28,900,63
28,1000,66
28,1100,71
28,1200,70
28,1300,72
28,1400,74
28,1500,74
28,1600,77
28,1700,78
28,1800,80
28,1900,82
28,2000,81
28,2100,77
28,2200,72
28,2300,70
29,0,66
29,100,65
29,200,58
29,300,60
29,400,57
29,500,54
29,600,57
29,700,62
29,800,60
29,900,67
29,1000,68
29,1100,72
29,1200,76
29,1300,77
29,1400,76
29,1500,72
29,1600,70
29,1700,72
29,1800,75
29,1900,80
29,2000,78
29,2100,73
29,2200,65
29,2300,61
30,0,57
30,100,55
30,200,51
30,300,52
30,400,51
30,500,53
30,600,54
30,700,58
30,800,62
30,900,63
30,1000,67
30,1100,71
30,1200,71
30,1300,74
30,1400,77
30,1500,76
30,1600,79
30,1700,76
30,1800,79
30,1900,78
30,2000,79
30,2100,81
30,2200,78
30,2300,75
31,0,86
31,100,81
31,200,81
31,300,92
31,400,94
31,500,95
31,600,96
31,700,95
31,800,93
31,900,93
31,1000,93
31,1100,97
31,1200,98
31,1300,98
31,1400,98
31,1500,98
31,1600,98
31,1700,95
31,1800,97
31,1900,98
31,2000,98
31,2100,98
31,2200,98
31,2300,96
 Start : 20220801 ,,
1,0,87
1,100,79
1,200,75
1,300,72
1,400,68
1,500,70
1,600,69
1,700,68
1,800,67
1,900,68
1,1000,68
1,1100,68
1,1200,69
1,1300,79
1,1400,85
1,1500,91
1,1600,94
1,1700,96
1,1800,95
1,1900,93
1,2000,92
1,2100,91
1,2200,92
1,2300,88
2,0,81
2,100,80
2,200,79
2,300,81
2,400,82
2,500,93
2,600,94
2,700,93
2,800,95
2,900,98
2,1000,96
2,1100,92
2,1200,96
2,1300,98
2,1400,98
2,1500,98
2,1600,98
2,1700,98
2,1800,98
2,1900,98
2,2000,98
2,2100,98
2,2200,98
2,2300,98
3,0,98
3,100,96
3,200,85
3,300,77
3,400,74
3,500,72
3,600,76
3,700,76
3,800,81
3,900,82
3,1000,82
3,1100,88
3,1200,89
3,1300,90
3,1400,91
3,1500,92
3,1600,93
3,1700,91
3,1800,92
3,1900,92
3,2000,93
3,2100,91
3,2200,86
3,2300,84
4,0,77
4,100,70
4,200,69
4,300,66
4,400,66
4,500,63
4,600,69
4,700,71
4,800,73
4,900,77
4,1000,78
4,1100,80
4,1200,86
4,1300,88
4,1400,89
4,1500,90
4,1600,90
4,1700,95
4,1800,97
4,1900,97
4,2000,95
4,2100,91
4,2200,87
4,2300,85
5,0,82
5,100,77
5,200,71
5,300,67
5,400,68
5,500,68
5,600,71
5,700,66
5,800,70
5,900,75
5,1000,78
5,1100,82
5,1200,84
5,1300,86
5,1400,88
5,1500,89
5,1600,90
5,1700,91
5,1800,92
5,1900,93
5,2000,93
5,2100,89
5,2200,84
5,2300,84
6,0,82
6,100,79
6,200,93
6,300,91
6,400,84
6,500,77
6,600,86
6,700,87
6,800,85
6,900,83
6,1000,82
6,1100,84
6,1200,89
6,1300,92
6,1400,93
6,1500,92
6,1600,93
6,1700,93
6,1800,91
6,1900,92
6,2000,90
6,2100,88
6,2200,85
6,2300,89
7,0,88
7,100,85
7,200,84
7,300,80
7,400,76
7,500,78
7,600,73
7,700,77
7,800,77
7,900,79
7,1000,81
7,1100,80
7,1200,85
7,1300,87
7,1400,86
7,1500,85
7,1600,85
7,1700,84
7,1800,84
7,1900,82
7,2000,86
7,2100,92
7,2200,91
7,2300,92
8,0,88
8,100,87
8,200,90
8,300,96
8,400,98
8,500,98
8,600,98
8,700,98
8,800,98
8,900,98
8,1000,98
8,1100,98
8,1200,98
8,1300,98
8,1400,98
8,1500,98
8,1600,98
8,1700,98
8,1800,98
8,1900,98
8,2000,98
8,2100,98
8,2200,98
8,2300,98
9,0,-1
9,100,98
9,200,98
9,300,98
9,400,98
9,500,98
9,600,95
9,700,94
9,800,96
9,900,98
9,1000,98
9,1100,98
9,1200,98
9,1300,98
9,1400,98
9,1500,98
9,1600,98
9,1700,98
9,1800,98
9,1900,98
9,2000,98
9,2100,98
9,2200,96
9,2300,82
10,0,78
10,100,74
10,200,72
10,300,72
10,400,72
10,500,74
10,600,83
10,700,85
10,800,85
10,900,85
10,1000,86
10,1100,90
10,1200,96
10,1300,98
10,1400,98
10,1500,98
10,1600,98
10,1700,98
10,1800,98
10,1900,98
10,2000,98
10,2100,98
10,2200,98
10,2300,98
11,0,98
11,100,95
11,200,90
11,300,90
11,400,83
11,500,76
11,600,81
11,700,82
11,800,86
11,900,86
11,1000,87
11,1100,87
11,1200,89
11,1300,90
11,1400,87
11,1500,88
11,1600,88
11,1700,90
11,1800,93
11,1900,94
11,2000,95
11,2100,85
11,2200,85
11,2300,82
12,0,74
12,100,67
12,200,59
12,300,52
12,400,47
12,500,42
12,600,51
12,700,51
12,800,57
12,900,69
12,1000,73
12,1100,75
12,1200,79
12,1300,79
12,1400,78
12,1500,81
12,1600,82
12,1700,81
12,1800,81
12,1900,83
12,2000,82
12,2100,79
12,2200,80
12,2300,81
13,0,81
13,100,75
13,200,86
13,300,90
13,400,86
13,500,93
13,600,90
13,700,87
13,800,86
13,900,87
13,1000,88
13,1100,88
13,1200,90
13,1300,90
13,1400,90
13,1500,90
13,1600,91
13,1700,94
13,1800,94
13,1900,93
13,2000,95
13,2100,94
13,2200,91
13,2300,89
14,0,83
14,100,77
14,200,73
14,300,73
14,400,66
14,500,72
14,600,74
14,700,77
14,800,90
14,900,94
14,1000,91
14,1100,90
14,1200,89
14,1300,87
14,1400,86
14,1500,85
14,1600,85
14,1700,85
14,1800,85
14,1900,86
14,2000,84
14,2100,82
14,2200,83
14,2300,80
15,0,78
15,100,74
15,200,74
15,300,75
15,400,77
15,500,79
15,600,81
15,700,82
15,800,84
15,900,93
15,1000,94
15,1100,92
15,1200,91
15,1300,94
15,1400,94
15,1500,89
15,1600,88
15,1700,88
15,1800,89
15,1900,89
15,2000,88
15,2100,86
15,2200,80
15,2300,77
16,0,70
16,100,67
16,200,66
16,300,64
16,400,65
16,500,64
16,600,64
16,700,63
16,800,63
16,900,69
16,1000,70
16,1100,71
16,1200,77
16,1300,81
16,1400,81
16,1500,86
16,1600,83
16,1700,85
16,1800,85
16,1900,88
16,2000,89
16,2100,82
16,2200,83
16,2300,75
17,0,81
17,100,78
17,200,72
17,300,71
17,400,63
17,500,67
17,600,64
17,700,61
17,800,68
17,900,72
17,1000,71
17,1100,73
17,1200,76
17,1300,80
17,1400,83
17,1500,85
17,1600,86
17,1700,86
17,1800,87
17,1900,88
17,2000,89
17,2100,86
17,2200,85
17,2300,76
18,0,78
18,100,66
18,200,63
18,300,60
18,400,57
18,500,63
18,600,68
18,700,65
18,800,68
18,900,72
18,1000,72
18,1100,73
18,1200,74
18,1300,79
18,1400,81
18,1500,82
18,1600,83
18,1700,84
18,1800,83
18,1900,83
18,2000,83
18,2100,82
18,2200,78
18,2300,75
19,0,-1
19,100,75
19,200,79
19,300,81
19,400,81
19,500,84
19,600,95
19,700,98
19,800,98
19,900,98
19,1000,98
19,1100,98
19,1200,98
19,1300,98
19,1400,98
19,1500,98
19,1600,97
19,1700,95
19,1800,96
19,1900,98
19,2000,97
19,2100,91
19,2200,85
19,2300,83
20,0,78
20,100,70
20,200,67
20,300,64
20,400,63
20,500,62
20,600,66
20,700,66
20,800,69
20,900,76
20,1000,78
20,1100,80
20,1200,85
20,1300,86
20,1400,87
20,1500,88
20,1600,88
20,1700,89
20,1800,87
20,1900,80
20,2000,81
20,2100,82
20,2200,82
20,2300,79
21,0,77
21,100,71
21,200,68
21,300,63
21,400,52
21,500,59
21,600,63
21,700,60
21,800,65
21,900,66
21,1000,71
21,1100,75
21,1200,78
21,1300,80
21,1400,77
21,1500,78
21,1600,82
21,1700,80
21,1800,85
21,1900,85
21,2000,87
21,2100,87
21,2200,84
21,2300,82
22,0,75
22,100,69
22,200,67
22,300,66
22,400,64
22,500,68
22,600,64
22,700,66
22,800,68
22,900,73
22,1000,77
22,1100,78
22,1200,81
22,1300,91
22,1400,90
22,1500,91
22,1600,91
22,1700,94
22,1800,95
22,1900,96
22,2000,96
22,2100,97
22,2200,94
22,2300,88
23,0,80
23,100,77
23,200,73
23,300,63
23,400,58
23,500,49
23,600,48
23,700,62
23,800,54
23,900,54
23,1000,59
23,1100,58
23,1200,60
23,1300,62
23,1400,66
23,1500,70
23,1600,69
23,1700,66
23,1800,64
23,1900,63
23,2000,64
23,2100,61
23,2200,60
23,2300,59
24,0,58
24,100,60
24,200,59
24,300,61
24,400,64
24,500,67
24,600,63
24,700,57
24,800,63
24,900,63
24,1000,64
24,1100,69
24,1200,70
24,1300,71
24,1400,72
24,1500,74
24,1600,79
24,1700,86
24,1800,78
24,1900,78
24,2000,83
24,2100,85
24,2200,79
24,2300,78
25,0,77
25,100,79
25,200,90
25,300,90
25,400,86
25,500,59
25,600,68
25,700,77
25,800,76
25,900,75
25,1000,75
25,1100,76
25,1200,78
25,1300,78
25,1400,77
25,1500,79
25,1600,81
25,1700,81
25,1800,83
25,1900,83
25,2000,86
25,2100,83
25,2200,82
25,2300,77
26,0,70
26,100,65
26,200,59
26,300,60
26,400,59
26,500,61
26,600,60
26,700,61
26,800,64
26,900,67
26,1000,75
26,1100,78
26,1200,78
26,1300,81
26,1400,82
26,1500,80
26,1600,90
26,1700,90
26,1800,79
26,1900,80
26,2000,80
26,2100,73
26,2200,63
26,2300,41
27,0,40
27,100,42
27,200,42
27,300,42
27,400,43
27,500,43
27,600,44
27,700,44
27,800,47
27,900,50
27,1000,53
27,1100,55
27,1200,56
27,1300,56
27,1400,58
27,1500,61
27,1600,64
27,1700,71
27,1800,72
27,1900,72
27,2000,75
27,2100,68
27,2200,59
27,2300,55
28,0,53
28,100,47
28,200,42
28,300,38
28,400,42
28,500,44
28,600,40
28,700,39
28,800,43
28,900,46
28,1000,56
28,1100,62
28,1200,66
28,1300,63
28,1400,73
28,1500,65
28,1600,64
28,1700,62
28,1800,61
28,1900,65
28,2000,69
28,2100,77
28,2200,80
28,2300,80
29,0,88
29,100,81
29,200,81
29,300,79
29,400,75
29,500,78
29,600,72
29,700,68
29,800,67
29,900,72
29,1000,69
29,1100,68
29,1200,69
29,1300,70
29,1400,70
29,1500,76
29,1600,88
29,1700,93
29,1800,95
29,1900,95
29,2000,95
29,2100,95
29,2200,95
29,2300,94
30,0,94
30,100,94
30,200,94
30,300,95
30,400,94
30,500,93
30,600,94
30,700,96
30,800,96
30,900,96
30,1000,96
30,1100,96
30,1200,96
30,1300,95
30,1400,95
30,1500,96
30,1600,96
30,1700,94
30,1800,92
30,1900,91
30,2000,89
30,2100,88
30,2200,86
30,2300,83
31,0,78
31,100,73
31,200,72
31,300,78
31,400,70
31,500,76
31,600,76
31,700,71
31,800,71
31,900,74
31,1000,75
31,1100,76
31,1200,80
31,1300,82
31,1400,83
31,1500,88
31,1600,87
31,1700,88
31,1800,91
31,1900,93
31,2000,92
31,2100,86
31,2200,79
31,2300,71
 Start : 20220901 ,,
1,0,66
1,100,62
1,200,61
1,300,47
1,400,50
1,500,51
1,600,53
1,700,45
1,800,43
1,900,46
1,1000,54
1,1100,59
1,1200,64
1,1300,75
1,1400,77
1,1500,84
1,1600,81
1,1700,82
1,1800,87
1,1900,83
1,2000,82
1,2100,67
1,2200,62
1,2300,57
2,0,53
2,100,50
2,200,48
2,300,49
2,400,49
2,500,48
2,600,47
2,700,47
2,800,49
2,900,51
2,1000,55
2,1100,57
2,1200,58
2,1300,59
2,1400,60
2,1500,62
2,1600,63
2,1700,63
2,1800,62
2,1900,64
2,2000,63
2,2100,61
2,2200,58
2,2300,57
3,0,56
3,100,57
3,200,56
3,300,56
3,400,54
3,500,54
3,600,60
3,700,59
3,800,61
3,900,58
3,1000,63
3,1100,65
3,1200,64
3,1300,64
3,1400,65
3,1500,64
3,1600,64
3,1700,64
3,1800,64
3,1900,64
3,2000,78
3,2100,73
3,2200,76
3,2300,83
4,0,85
4,100,86
4,200,88
4,300,94
4,400,95
4,500,93
4,600,91
4,700,89
4,800,84
4,900,95
4,1000,97
4,1100,97
4,1200,98
4,1300,98
4,1400,98
4,1500,98
4,1600,98
4,1700,96
4,1800,95
4,1900,87
4,2000,87
4,2100,87
4,2200,87
4,2300,85
5,0,87
5,100,88
5,200,89
5,300,89
5,400,89
5,500,87
5,600,86
5,700,85
5,800,86
5,900,86
5,1000,86
5,1100,87
5,1200,87
5,1300,88
5,1400,87
5,1500,86
5,1600,87
5,1700,88
5,1800,89
5,1900,88
5,2000,89
5,2100,88
5,2200,87
5,2300,81
6,0,65
6,100,61
6,200,55
6,300,50
6,400,42
6,500,26
6,600,22
6,700,37
6,800,32
6,900,51
6,1000,64
6,1100,70
6,1200,74
6,1300,76
6,1400,74
6,1500,75
6,1600,80
6,1700,82
6,1800,84
6,1900,88
6,2000,89
6,2100,87
6,2200,79
6,2300,60
7,0,41
7,100,29
7,200,29
7,300,27
7,400,23
7,500,23
7,600,28
7,700,28
7,800,33
7,900,38
7,1000,41
7,1100,47
7,1200,56
7,1300,72
7,1400,74
7,1500,74
7,1600,76
7,1700,80
7,1800,84
7,1900,81
7,2000,82
7,2100,81
7,2200,72
7,2300,69
8,0,63
8,100,51
8,200,50
8,300,42
8,400,37
8,500,36
8,600,38
8,700,37
8,800,34
8,900,53
8,1000,57
8,1100,58
8,1200,66
8,1300,69
8,1400,70
8,1500,77
8,1600,74
8,1700,78
8,1800,77
8,1900,85
8,2000,86
8,2100,74
8,2200,68
8,2300,66
9,0,51
9,100,54
9,200,37
9,300,35
9,400,33
9,500,23
9,600,23
9,700,27
9,800,32
9,900,40
9,1000,44
9,1100,40
9,1200,38
9,1300,39
9,1400,38
9,1500,38
9,1600,39
9,1700,40
9,1800,46
9,1900,46
9,2000,43
9,2100,44
9,2200,41
9,2300,40
10,0,38
10,100,33
10,200,33
10,300,32
10,400,32
10,500,34
10,600,34
10,700,35
10,800,39
10,900,46
10,1000,48
10,1100,51
10,1200,53
10,1300,54
10,1400,57
10,1500,59
10,1600,60
10,1700,60
10,1800,62
10,1900,62
10,2000,64
10,2100,63
10,2200,61
10,2300,59
11,0,53
11,100,51
11,200,49
11,300,50
11,400,48
11,500,52
11,600,52
11,700,56
11,800,69
11,900,73
11,1000,75
11,1100,76
11,1200,74
11,1300,73
11,1400,74
11,1500,76
11,1600,77
11,1700,77
11,1800,80
11,1900,81
11,2000,81
11,2100,82
11,2200,74
11,2300,68
12,0,67
12,100,64
12,200,62
12,300,57
12,400,55
12,500,55
12,600,59
12,700,56
12,800,62
12,900,65
12,1000,67
12,1100,68
12,1200,70
12,1300,74
12,1400,73
12,1500,77
12,1600,76
12,1700,79
12,1800,78
12,1900,78
12,2000,78
12,2100,75
12,2200,71
12,2300,67
13,0,61
13,100,58
13,200,57
13,300,57
13,400,58
13,500,59
13,600,60
13,700,61
13,800,63
13,900,61
13,1000,60
13,1100,59
13,1200,58
13,1300,59
13,1400,56
13,1500,54
13,1600,46
13,1700,44
13,1800,41
13,1900,41
13,2000,41
13,2100,41
13,2200,45
13,2300,46
14,0,50
14,100,49
14,200,49
14,300,45
14,400,42
14,500,41
14,600,40
14,700,38
14,800,41
14,900,45
14,1000,48
14,1100,51
14,1200,53
14,1300,54
14,1400,55
14,1500,57
14,1600,59
14,1700,61
14,1800,62
14,1900,63
14,2000,64
14,2100,63
14,2200,60
14,2300,55
15,0,51
15,100,48
15,200,50
15,300,46
15,400,47
15,500,50
15,600,51
15,700,56
15,800,57
15,900,58
15,1000,59
15,1100,62
15,1200,63
15,1300,65
15,1400,63
15,1500,66
15,1600,73
15,1700,70
15,1800,68
15,1900,65
15,2000,64
15,2100,65
15,2200,65
15,2300,62
16,0,58
16,100,59
16,200,59
16,300,60
16,400,61
16,500,61
16,600,63
16,700,83
16,800,84
16,900,82
16,1000,82
16,1100,93
16,1200,93
16,1300,92
16,1400,93
16,1500,94
16,1600,95
16,1700,92
16,1800,92
16,1900,88
16,2000,90
16,2100,94
16,2200,92
16,2300,90
17,0,85
17,100,74
17,200,75
17,300,68
17,400,64
17,500,60
17,600,60
17,700,60
17,800,62
17,900,68
17,1000,77
17,1100,79
17,1200,78
17,1300,80
17,1400,80
17,1500,84
17,1600,82
17,1700,83
17,1800,83
17,1900,85
17,2000,84
17,2100,85
17,2200,79
17,2300,72
18,0,70
18,100,64
18,200,61
18,300,56
18,400,53
18,500,51
18,600,51
18,700,50
18,800,59
18,900,62
18,1000,64
18,1100,67
18,1200,70
18,1300,68
18,1400,69
18,1500,70
18,1600,69
18,1700,70
18,1800,68
18,1900,69
18,2000,67
18,2100,66
18,2200,63
18,2300,63
19,0,59
19,100,52
19,200,47
19,300,46
19,400,45
19,500,45
19,600,46
19,700,46
19,800,48
19,900,48
19,1000,57
19,1100,56
19,1200,54
19,1300,56
19,1400,54
19,1500,58
19,1600,59
19,1700,61
19,1800,62
19,1900,62
19,2000,64
19,2100,61
19,2200,57
19,2300,50
20,0,41
20,100,37
20,200,38
20,300,37
20,400,36
20,500,33
20,600,41
20,700,34
20,800,39
20,900,45
20,1000,47
20,1100,47
20,1200,46
20,1300,42
20,1400,38
20,1500,44
20,1600,43
20,1700,51
20,1800,56
20,1900,61
20,2000,64
20,2100,62
20,2200,60
20,2300,57
21,0,53
21,100,47
21,200,39
21,300,38
21,400,36
21,500,35
21,600,34
21,700,36
21,800,36
21,900,43
21,1000,40
21,1100,48
21,1200,54
21,1300,56
21,1400,58
21,1500,57
21,1600,58
21,1700,60
21,1800,58
21,1900,60
21,2000,59
21,2100,54
21,2200,52
21,2300,50
22,0,48
22,100,47
22,200,42
22,300,45
22,400,42
22,500,42
22,600,43
22,700,48
22,800,48
22,900,52
22,1000,49
22,1100,55
22,1200,57
22,1300,59
22,1400,75
22,1500,75
22,1600,73
22,1700,75
22,1800,73
22,1900,77
22,2000,75
22,2100,71
22,2200,68
22,2300,61
23,0,57
23,100,61
23,200,65
23,300,45
23,400,41
23,500,36
23,600,41
23,700,47
23,800,48
23,900,49
23,1000,52
23,1100,55
23,1200,55
23,1300,61
23,1400,62
23,1500,63
23,1600,67
23,1700,66
23,1800,67
23,1900,63
23,2000,62
23,2100,66
23,2200,61
23,2300,56
24,0,49
24,100,48
24,200,34
24,300,35
24,400,34
24,500,34
24,600,34
24,700,37
24,800,40
24,900,51
24,1000,61
24,1100,64
24,1200,64
24,1300,66
24,1400,66
24,1500,65
24,1600,67
24,1700,70
24,1800,72
24,1900,74
24,2000,71
24,2100,75
24,2200,66
24,2300,63
25,0,65
25,100,55
25,200,41
25,300,32
25,400,35
25,500,30
25,600,34
25,700,31
25,800,39
25,900,41
25,1000,43
25,1100,45
25,1200,60
25,1300,57
25,1400,57
25,1500,60
25,1600,63
25,1700,62
25,1800,65
25,1900,68
25,2000,73
25,2100,69
25,2200,60
25,2300,62
26,0,50
26,100,32
26,200,34
26,300,28
26,400,28
26,500,25
26,600,28
26,700,32
26,800,34
26,900,37
26,1000,48
26,1100,55
26,1200,66
26,1300,67
26,1400,69
26,1500,78
26,1600,71
26,1700,69
26,1800,70
26,1900,71
26,2000,72
26,2100,70
26,2200,61
26,2300,58
27,0,51
27,100,51
27,200,-1
27,300,41
27,400,35
27,500,32
27,600,29
27,700,29
27,800,30
27,900,36
27,1000,53
27,1100,60
27,1200,65
27,1300,67
27,1400,74
27,1500,64
27,1600,73
27,1700,69
27,1800,75
27,1900,71
27,2000,70
27,2100,69
27,2200,66
27,2300,65
28,0,64
28,100,59
28,200,64
28,300,55
28,400,50
28,500,43
28,600,43
28,700,49
28,800,57
28,900,62
28,1000,64
28,1100,70
28,1200,76
28,1300,82
28,1400,79
28,1500,87
28,1600,84
28,1700,83
28,1800,89
28,1900,91
28,2000,89
28,2100,90
28,2200,84
28,2300,80
29,0,74
29,100,65
29,200,60
29,300,-1
29,400,43
29,500,34
29,600,37
29,700,39
29,800,56
29,900,65
29,1000,70
29,1100,72
29,1200,72
29,1300,76
29,1400,69
29,1500,72
29,1600,72
29,1700,78
29,1800,79
29,1900,76
29,2000,78
29,2100,78
29,2200,71
29,2300,74
30,0,65
30,100,56
30,200,45
30,300,38
30,400,33
30,500,28
30,600,29
30,700,31
30,800,40
30,900,64
30,1000,70
30,1100,71
30,1200,74
30,1300,75
30,1400,64
30,1500,66
30,1600,69
30,1700,73
30,1800,74
30,1900,77
30,2000,76
30,2100,77
30,2200,70
30,2300,64
 Start : 20221001 ,,
1,0,64
1,100,55
1,200,37
1,300,34
1,400,27
1,500,33
1,600,32
1,700,38
1,800,47
1,900,45
1,1000,46
1,1100,50
1,1200,60
1,1300,61
1,1400,64
1,1500,66
1,1600,66
1,1700,68
1,1800,68
1,1900,67
1,2000,69
1,2100,73
1,2200,75
1,2300,70
2,0,66
2,100,60
2,200,60
2,300,59
2,400,59
2,500,60
2,600,52
2,700,61
2,800,78
2,900,86
2,1000,79
2,1100,83
2,1200,84
2,1300,87
2,1400,93
2,1500,93
2,1600,93
2,1700,95
2,1800,96
2,1900,97
2,2000,97
2,2100,97
2,2200,97
2,2300,97
3,0,97
3,100,97
3,200,97
3,300,95
3,400,95
3,500,93
3,600,90
3,700,88
3,800,91
3,900,90
3,1000,92
3,1100,89
3,1200,87
3,1300,94
3,1400,95
3,1500,92
3,1600,95
3,1700,94
3,1800,94
3,1900,95
3,2000,91
3,2100,92
3,2200,89
3,2300,85
4,0,80
4,100,77
4,200,76
4,300,73
4,400,70
4,500,68
4,600,67
4,700,65
4,800,77
4,900,67
4,1000,64
4,1100,63
4,1200,65
4,1300,71
4,1400,73
4,1500,75
4,1600,79
4,1700,82
4,1800,86
4,1900,85
4,2000,-1
4,2100,76
4,2200,68
4,2300,66
5,0,65
5,100,67
5,200,56
5,300,-1
5,400,46
5,500,44
5,600,45
5,700,53
5,800,57
5,900,61
5,1000,66
5,1100,70
5,1200,71
5,1300,72
5,1400,72
5,1500,-1
5,1600,73
5,1700,73
5,1800,74
5,1900,75
5,2000,77
5,2100,77
5,2200,73
5,2300,67
6,0,62
6,100,60
6,200,57
6,300,56
6,400,54
6,500,56
6,600,57
6,700,61
6,800,60
6,900,61
6,1000,61
6,1100,62
6,1200,64
6,1300,66
6,1400,68
6,1500,69
6,1600,-1
6,1700,73
6,1800,73
6,1900,73
6,2000,73
6,2100,71
6,2200,65
6,2300,65
7,0,60
7,100,57
7,200,54
7,300,58
7,400,56
7,500,52
7,600,49
7,700,51
7,800,55
7,900,51
7,1000,57
7,1100,48
7,1200,61
7,1300,66
7,1400,68
7,1500,66
7,1600,69
7,1700,70
7,1800,69
7,1900,68
7,2000,69
7,2100,69
7,2200,65
7,2300,62
8,0,56
8,100,53
8,200,46
8,300,43
8,400,42
8,500,40
8,600,37
8,700,39
8,800,45
8,900,47
8,1000,54
8,1100,57
8,1200,58
8,1300,62
8,1400,62
8,1500,60
8,1600,60
8,1700,63
8,1800,59
8,1900,58
8,2000,64
8,2100,60
8,2200,60
8,2300,72
9,0,68
9,100,79
9,200,82
9,300,84
9,400,89
9,500,90
9,600,91
9,700,92
9,800,92
9,900,91
9,1000,86
9,1100,89
9,1200,86
9,1300,87
9,1400,88
9,1500,80
9,1600,78
9,1700,70
9,1800,64
9,1900,65
9,2000,65
9,2100,61
9,2200,65
9,2300,60
10,0,56
10,100,52
10,200,53
10,300,67
10,400,56
10,500,58
10,600,76
10,700,61
10,800,61
10,900,63
10,1000,63
10,1100,69
10,1200,67
10,1300,67
10,1400,64
10,1500,63
10,1600,67
10,1700,71
10,1800,69
10,1900,68
10,2000,70
10,2100,69
10,2200,67
10,2300,60
11,0,56
11,100,50
11,200,50
11,300,53
11,400,47
11,500,46
11,600,46
11,700,46
11,800,46
11,900,50
11,1000,50
11,1100,57
11,1200,59
11,1300,63
11,1400,65
11,1500,74
11,1600,72
11,1700,76
11,1800,76
11,1900,79
11,2000,79
11,2100,77
11,2200,71
11,2300,66
12,0,59
12,100,51
12,200,45
12,300,43
12,400,42
12,500,40
12,600,37
12,700,40
12,800,45
12,900,52
12,1000,58
12,1100,63
12,1200,65
12,1300,68
12,1400,71
12,1500,74
12,1600,77
12,1700,77
12,1800,79
12,1900,80
12,2000,82
12,2100,77
12,2200,70
12,2300,64
13,0,57
13,100,51
13,200,47
13,300,42
13,400,40
13,500,40
13,600,41
13,700,44
13,800,48
13,900,51
13,1000,58
13,1100,72
13,1200,80
13,1300,83
13,1400,73
13,1500,76
13,1600,79
13,1700,80
13,1800,80
13,1900,82
13,2000,80
13,2100,79
13,2200,76
13,2300,75
14,0,64
14,100,59
14,200,51
14,300,48
14,400,42
14,500,40
14,600,46
14,700,51
14,800,55
14,900,60
14,1000,63
14,1100,63
14,1200,64
14,1300,63
14,1400,68
14,1500,75
14,1600,74
14,1700,79
14,1800,82
14,1900,82
14,2000,83
14,2100,84
14,2200,75
14,2300,69
15,0,64
15,100,54
15,200,49
15,300,37
15,400,16
15,500,25
15,600,39
15,700,42
15,800,49
15,900,53
15,1000,58
15,1100,58
15,1200,57
15,1300,65
15,1400,60
15,1500,65
15,1600,67
15,1700,65
15,1800,71
15,1900,71
15,2000,73
15,2100,71
15,2200,72
15,2300,72
16,0,62
16,100,61
16,200,58
16,300,63
16,400,62
16,500,60
16,600,47
16,700,60
16,800,63
16,900,63
16,1000,67
16,1100,66
16,1200,69
16,1300,69
16,1400,71
16,1500,68
16,1600,70
16,1700,56
16,1800,51
16,1900,50
16,2000,48
16,2100,43
16,2200,36
16,2300,33
17,0,31
17,100,23
17,200,21
17,300,21
17,400,22
17,500,25
17,600,28
17,700,31
17,800,36
17,900,41
17,1000,46
17,1100,47
17,1200,48
17,1300,48
17,1400,48
17,1500,50
17,1600,50
17,1700,53
17,1800,56
17,1900,56
17,2000,54
17,2100,54
17,2200,48
17,2300,43
18,0,40
18,100,36
18,200,33
18,300,32
18,400,30
18,500,28
18,600,29
18,700,29
18,800,34
18,900,40
18,1000,40
18,1100,39
18,1200,37
18,1300,39
18,1400,41
18,1500,41
18,1600,47
18,1700,65
18,1800,60
18,1900,65
18,2000,71
18,2100,65
18,2200,65
18,2300,58
19,0,51
19,100,39
19,200,30
19,300,25
19,400,26
19,500,26
19,600,28
19,700,29
19,800,37
19,900,44
19,1000,51
19,1100,55
19,1200,58
19,1300,66
19,1400,62
19,1500,62
19,1600,64
19,1700,64
19,1800,68
19,1900,72
19,2000,74
19,2100,72
19,2200,76
19,2300,59
20,0,58
20,100,50
20,200,42
20,300,38
20,400,32
20,500,29
20,600,32
20,700,28
20,800,40
20,900,60
20,1000,65
20,1100,66
20,1200,66
20,1300,65
20,1400,62
20,1500,63
20,1600,66
20,1700,74
20,1800,80
20,1900,77
20,2000,83
20,2100,83
20,2200,78
20,2300,70
21,0,59
21,100,45
21,200,41
21,300,30
21,400,28
21,500,30
21,600,35
21,700,39
21,800,51
21,900,64
21,1000,65
21,1100,69
21,1200,76
21,1300,80
21,1400,79
21,1500,78
21,1600,72
21,1700,82
21,1800,77
21,1900,77
21,2000,81
21,2100,76
21,2200,75
21,2300,69
22,0,68
22,100,58
22,200,52
22,300,52
22,400,49
22,500,49
22,600,56
22,700,55
22,800,69
22,900,77
22,1000,80
22,1100,83
22,1200,83
22,1300,82
22,1400,85
22,1500,82
22,1600,82
22,1700,82
22,1800,85
22,1900,84
22,2000,88
22,2100,87
22,2200,86
22,2300,79
23,0,73
23,100,64
23,200,61
23,300,55
23,400,40
23,500,40
23,600,26
23,700,23
23,800,26
23,900,30
23,1000,32
23,1100,35
23,1200,40
23,1300,44
23,1400,48
23,1500,50
23,1600,54
23,1700,58
23,1800,61
23,1900,65
23,2000,70
23,2100,71
23,2200,65
23,2300,56
24,0,51
24,100,44
24,200,34
24,300,25
24,400,25
24,500,23
24,600,23
24,700,27
24,800,29
24,900,31
24,1000,34
24,1100,32
24,1200,34
24,1300,37
24,1400,45
24,1500,53
24,1600,55
24,1700,59
24,1800,59
24,1900,60
24,2000,61
24,2100,60
24,2200,60
24,2300,47
25,0,44
25,100,41
25,200,39
25,300,38
25,400,36
25,500,35
25,600,33
25,700,38
25,800,41
25,900,44
25,1000,48
25,1100,52
25,1200,54
25,1300,55
25,1400,57
25,1500,62
25,1600,61
25,1700,64
25,1800,66
25,1900,63
25,2000,66
25,2100,65
25,2200,62
25,2300,54
26,0,48
26,100,43
26,200,40
26,300,38
26,400,41
26,500,38
26,600,38
26,700,40
26,800,45
26,900,48
26,1000,50
26,1100,56
26,1200,50
26,1300,56
26,1400,58
26,1500,62
26,1600,66
26,1700,67
26,1800,68
26,1900,69
26,2000,72
26,2100,73
26,2200,69
26,2300,65
27,0,52
27,100,50
27,200,46
27,300,45
27,400,44
27,500,47
27,600,53
27,700,58
27,800,70
27,900,75
27,1000,80
27,1100,80
27,1200,78
27,1300,79
27,1400,83
27,1500,84
27,1600,77
27,1700,76
27,1800,75
27,1900,78
27,2000,76
27,2100,76
27,2200,71
27,2300,66
28,0,62
28,100,55
28,200,53
28,300,47
28,400,39
28,500,40
28,600,40
28,700,49
28,800,56
28,900,65
28,1000,64
28,1100,67
28,1200,64
28,1300,63
28,1400,63
28,1500,68
28,1600,69
28,1700,71
28,1800,74
28,1900,74
28,2000,77
28,2100,77
28,2200,74
28,2300,66
29,0,59
29,100,53
29,200,48
29,300,45
29,400,37
29,500,37
29,600,39
29,700,39
29,800,39
29,900,56
29,1000,63
29,1100,68
29,1200,69
29,1300,62
29,1400,72
29,1500,64
29,1600,67
29,1700,68
29,1800,68
29,1900,72
29,2000,76
29,2100,76
29,2200,72
29,2300,64
30,0,58
30,100,54
30,200,48
30,300,45
30,400,39
30,500,36
30,600,37
30,700,43
30,800,42
30,900,54
30,1000,62
30,1100,70
30,1200,72
30,1300,58
30,1400,60
30,1500,63
30,1600,68
30,1700,69
30,1800,70
30,1900,70
30,2000,71
30,2100,72
30,2200,70
30,2300,60
31,0,58
31,100,49
31,200,44
31,300,43
31,400,41
31,500,44
31,600,50
31,700,56
31,800,60
31,900,63
31,1000,66
31,1100,78
31,1200,81
31,1300,83
31,1400,85
31,1500,84
31,1600,84
31,1700,88
31,1800,90
31,1900,86
31,2000,83
31,2100,89
31,2200,83
31,2300,82
 Start : 20221101 ,,
1,0,74
1,100,69
1,200,67
1,300,53
1,400,51
1,500,45
1,600,37
1,700,42
1,800,48
1,900,60
1,1000,66
1,1100,55
1,1200,48
1,1300,44
1,1400,41
1,1500,43
1,1600,44
1,1700,51
1,1800,51
1,1900,52
1,2000,53
1,2100,61
1,2200,55
1,2300,49
2,0,44
2,100,37
2,200,25
2,300,26
2,400,23
2,500,24
2,600,19
2,700,31
2,800,37
2,900,44
2,1000,48
2,1100,53
2,1200,55
2,1300,59
2,1400,55
2,1500,62
2,1600,53
2,1700,56
2,1800,58
2,1900,58
2,2000,59
2,2100,57
2,2200,56
2,2300,53
3,0,36
3,100,37
3,200,41
3,300,41
3,400,49
3,500,49
3,600,53
3,700,49
3,800,50
3,900,48
3,1000,53
3,1100,45
3,1200,44
3,1300,43
3,1400,42
3,1500,41
3,1600,40
3,1700,45
3,1800,47
3,1900,47
3,2000,47
3,2100,47
3,2200,43
3,2300,36
4,0,30
4,100,27
4,200,24
4,300,23
4,400,20
4,500,17
4,600,19
4,700,18
4,800,22
4,900,25
4,1000,28
4,1100,29
4,1200,30
4,1300,34
4,1400,38
4,1500,38
4,1600,41
4,1700,39
4,1800,44
4,1900,49
4,2000,51
4,2100,52
4,2200,57
4,2300,47
5,0,39
5,100,32
5,200,21
5,300,19
5,400,19
5,500,20
5,600,24
5,700,32
5,800,36
5,900,43
5,1000,50
5,1100,52
5,1200,55
5,1300,54
5,1400,59
5,1500,60
5,1600,64
5,1700,63
5,1800,65
5,1900,65
5,2000,65
5,2100,66
5,2200,65
5,2300,56
6,0,51
6,100,45
6,200,29
6,300,32
6,400,33
6,500,33
6,600,34
6,700,40
6,800,42
6,900,52
6,1000,55
6,1100,54
6,1200,56
6,1300,64
6,1400,61
6,1500,57
6,1600,63
6,1700,67
6,1800,76
6,1900,68
6,2000,67
6,2100,69
6,2200,69
6,2300,61
7,0,55
7,100,49
7,200,44
7,300,41
7,400,36
7,500,38
7,600,34
7,700,43
7,800,47
7,900,50
7,1000,54
7,1100,59
7,1200,64
7,1300,69
7,1400,71
7,1500,75
7,1600,66
7,1700,67
7,1800,69
7,1900,69
7,2000,69
7,2100,69
7,2200,72
7,2300,67
8,0,63
8,100,59
8,200,54
8,300,46
8,400,40
8,500,40
8,600,37
8,700,44
8,800,47
8,900,54
8,1000,62
8,1100,66
8,1200,74
8,1300,73
8,1400,72
8,1500,71
8,1600,80
8,1700,75
8,1800,77
8,1900,86
8,2000,80
8,2100,81
8,2200,78
8,2300,70
9,0,67
9,100,59
9,200,53
9,300,51
9,400,49
9,500,50
9,600,56
9,700,60
9,800,64
9,900,66
9,1000,69
9,1100,71
9,1200,73
9,1300,71
9,1400,71
9,1500,77
9,1600,77
9,1700,79
9,1800,83
9,1900,83
9,2000,85
9,2100,85
9,2200,83
9,2300,78
10,0,67
10,100,59
10,200,55
10,300,51
10,400,49
10,500,48
10,600,54
10,700,56
10,800,62
10,900,67
10,1000,70
10,1100,71
10,1200,69
10,1300,70
10,1400,69
10,1500,72
10,1600,65
10,1700,61
10,1800,64
10,1900,67
10,2000,68
10,2100,67
10,2200,66
10,2300,58
11,0,54
11,100,50
11,200,44
11,300,40
11,400,37
11,500,35
11,600,38
11,700,41
11,800,47
11,900,54
11,1000,59
11,1100,61
11,1200,67
11,1300,64
11,1400,64
11,1500,65
11,1600,78
11,1700,71
11,1800,70
11,1900,70
11,2000,70
11,2100,70
11,2200,65
11,2300,64
12,0,58
12,100,54
12,200,47
12,300,46
12,400,56
12,500,85
12,600,79
12,700,87
12,800,91
12,900,92
12,1000,93
12,1100,98
12,1200,98
12,1300,96
12,1400,94
12,1500,92
12,1600,84
12,1700,86
12,1800,86
12,1900,85
12,2000,85
12,2100,83
12,2200,80
12,2300,80
13,0,80
13,100,75
13,200,70
13,300,68
13,400,66
13,500,72
13,600,75
13,700,75
13,800,75
13,900,75
13,1000,80
13,1100,80
13,1200,83
13,1300,84
13,1400,87
13,1500,87
13,1600,86
13,1700,86
13,1800,85
13,1900,85
13,2000,82
13,2100,84
13,2200,82
13,2300,78
14,0,72
14,100,67
14,200,74
14,300,52
14,400,44
14,500,39
14,600,39
14,700,41
14,800,48
14,900,51
14,1000,59
14,1100,59
14,1200,47
14,1300,46
14,1400,51
14,1500,56
14,1600,59
14,1700,58
14,1800,67
14,1900,70
14,2000,72
14,2100,70
14,2200,65
14,2300,64
15,0,62
15,100,58
15,200,-1
15,300,58
15,400,68
15,500,68
15,600,65
15,700,55
15,800,63
15,900,73
15,1000,76
15,1100,87
15,1200,84
15,1300,88
15,1400,85
15,1500,87
15,1600,90
15,1700,92
15,1800,93
15,1900,91
15,2000,92
15,2100,98
15,2200,94
15,2300,89
16,0,81
16,100,55
16,200,42
16,300,39
16,400,33
16,500,28
16,600,29
16,700,34
16,800,37
16,900,37
16,1000,42
16,1100,49
16,1200,53
16,1300,56
16,1400,64
16,1500,65
16,1600,61
16,1700,65
16,1800,67
16,1900,66
16,2000,67
16,2100,71
16,2200,68
16,2300,63
17,0,56
17,100,50
17,200,46
17,300,44
17,400,39
17,500,37
17,600,38
17,700,46
17,800,52
17,900,55
17,1000,68
17,1100,76
17,1200,68
17,1300,78
17,1400,68
17,1500,70
17,1600,72
17,1700,81
17,1800,77
17,1900,77
17,2000,81
17,2100,80
17,2200,80
17,2300,73
18,0,65
18,100,55
18,200,44
18,300,37
18,400,36
18,500,37
18,600,40
18,700,45
18,800,48
18,900,50
18,1000,61
18,1100,65
18,1200,64
18,1300,66
18,1400,73
18,1500,68
18,1600,70
18,1700,66
18,1800,70
18,1900,63
18,2000,61
18,2100,61
18,2200,59
18,2300,52
19,0,48
19,100,43
19,200,40
19,300,33
19,400,34
19,500,32
19,600,32
19,700,33
19,800,34
19,900,43
19,1000,46
19,1100,49
19,1200,49
19,1300,60
19,1400,65
19,1500,57
19,1600,62
19,1700,69
19,1800,64
19,1900,61
19,2000,62
19,2100,63
19,2200,66
19,2300,59
20,0,52
20,100,49
20,200,45
20,300,37
20,400,35
20,500,36
20,600,35
20,700,38
20,800,41
20,900,49
20,1000,53
20,1100,62
20,1200,65
20,1300,68
20,1400,69
20,1500,72
20,1600,72
20,1700,73
20,1800,67
20,1900,73
20,2000,76
20,2100,74
20,2200,73
20,2300,64
21,0,56
21,100,51
21,200,52
21,300,51
21,400,51
21,500,52
21,600,52
21,700,58
21,800,60
21,900,64
21,1000,67
21,1100,68
21,1200,78
21,1300,73
21,1400,74
21,1500,76
21,1600,79
21,1700,80
21,1800,82
21,1900,83
21,2000,84
21,2100,84
21,2200,82
21,2300,74
22,0,65
22,100,55
22,200,47
22,300,44
22,400,42
22,500,42
22,600,41
22,700,44
22,800,43
22,900,48
22,1000,51
22,1100,48
22,1200,54
22,1300,59
22,1400,61
22,1500,59
22,1600,61
22,1700,60
22,1800,62
22,1900,61
22,2000,63
22,2100,66
22,2200,68
22,2300,66
23,0,58
23,100,53
23,200,38
23,300,38
23,400,33
23,500,29
23,600,40
23,700,34
23,800,32
23,900,34
23,1000,34
23,1100,36
23,1200,43
23,1300,46
23,1400,46
23,1500,51
23,1600,56
23,1700,53
23,1800,60
23,1900,64
23,2000,57
23,2100,55
23,2200,54
23,2300,53
24,0,51
24,100,50
24,200,45
24,300,47
24,400,48
24,500,50
24,600,52
24,700,55
24,800,58
24,900,62
24,1000,65
24,1100,73
24,1200,69
24,1300,79
24,1400,72
24,1500,73
24,1600,78
24,1700,78
24,1800,77
24,1900,75
24,2000,70
24,2100,72
24,2200,70
24,2300,65
25,0,58
25,100,49
25,200,44
25,300,38
25,400,34
25,500,33
25,600,28
25,700,34
25,800,39
25,900,44
25,1000,56
25,1100,65
25,1200,72
25,1300,84
25,1400,87
25,1500,76
25,1600,75
25,1700,73
25,1800,74
25,1900,65
25,2000,62
25,2100,60
25,2200,60
25,2300,46
26,0,37
26,100,30
26,200,29
26,300,19
26,400,25
26,500,24
26,600,26
26,700,23
26,800,24
26,900,31
26,1000,32
26,1100,34
26,1200,38
26,1300,40
26,1400,38
26,1500,40
26,1600,41
26,1700,43
26,1800,46
26,1900,44
26,2000,50
26,2100,50
26,2200,48
26,2300,43
27,0,38
27,100,33
27,200,29
27,300,28
27,400,26
27,500,24
27,600,23
27,700,24
27,800,27
27,900,26
27,1000,29
27,1100,34
27,1200,34
27,1300,34
27,1400,35
27,1500,35
27,1600,35
27,1700,37
27,1800,42
27,1900,32
27,2000,34
27,2100,33
27,2200,49
27,2300,47
28,0,45
28,100,46
28,200,43
28,300,53
28,400,68
28,500,69
28,600,70
28,700,80
28,800,90
28,900,91
28,1000,96
28,1100,98
28,1200,99
28,1300,99
28,1400,99
28,1500,99
28,1600,99
28,1700,93
28,1800,82
28,1900,83
28,2000,86
28,2100,91
28,2200,86
28,2300,78
29,0,64
29,100,61
29,200,59
29,300,55
29,400,51
29,500,44
29,600,41
29,700,37
29,800,38
29,900,37
29,1000,49
29,1100,39
29,1200,32
29,1300,33
29,1400,35
29,1500,41
29,1600,42
29,1700,46
29,1800,45
29,1900,49
29,2000,41
29,2100,41
29,2200,44
29,2300,40
30,0,34
30,100,30
30,200,30
30,300,28
30,400,28
30,500,28
30,600,31
30,700,35
30,800,36
30,900,40
30,1000,47
30,1100,52
30,1200,50
30,1300,44
30,1400,37
30,1500,43
30,1600,44
30,1700,36
30,1800,29
30,1900,28
30,2000,30
30,2100,31
30,2200,33
30,2300,28
 Start : 20221201 ,,
1,0,24
1,100,26
1,200,32
1,300,33
1,400,33
1,500,34
1,600,35
1,700,36
1,800,39
1,900,41
1,1000,41
1,1100,41
1,1200,42
1,1300,43
1,1400,43
1,1500,43
1,1600,43
1,1700,37
1,1800,39
1,1900,39
1,2000,34
1,2100,31
1,2200,33
1,2300,28
2,0,29
2,100,25
2,200,21
2,300,21
2,400,20
2,500,21
2,600,23
2,700,27
2,800,29
2,900,30
2,1000,35
2,1100,33
2,1200,34
2,1300,38
2,1400,39
2,1500,40
2,1600,43
2,1700,49
2,1800,56
2,1900,62
2,2000,69
2,2100,91
2,2200,88
2,2300,85
3,0,84
3,100,76
3,200,70
3,300,63
3,400,60
3,500,59
3,600,59
3,700,60
3,800,63
3,900,64
3,1000,68
3,1100,64
3,1200,67
3,1300,61
3,1400,60
3,1500,52
3,1600,51
3,1700,48
3,1800,46
3,1900,42
3,2000,26
3,2100,22
3,2200,22
3,2300,22
4,0,22
4,100,19
4,200,21
4,300,20
4,400,23
4,500,23
4,600,26
4,700,27
4,800,28
4,900,30
4,1000,30
4,1100,31
4,1200,33
4,1300,35
4,1400,40
4,1500,39
4,1600,38
4,1700,38
4,1800,31
4,1900,34
4,2000,35
4,2100,36
4,2200,34
4,2300,32
5,0,26
5,100,25
5,200,24
5,300,24
5,400,22
5,500,20
5,600,21
5,700,28
5,800,29
5,900,33
5,1000,35
5,1100,40
5,1200,44
5,1300,43
5,1400,44
5,1500,47
5,1600,49
5,1700,50
5,1800,49
5,1900,59
5,2000,52
5,2100,53
5,2200,69
5,2300,76
6,0,78
6,100,68
6,200,68
6,300,57
6,400,38
6,500,40
6,600,47
6,700,53
6,800,55
6,900,55
6,1000,51
6,1100,53
6,1200,56
6,1300,58
6,1400,63
6,1500,64
6,1600,77
6,1700,82
6,1800,83
6,1900,71
6,2000,62
6,2100,60
6,2200,54
6,2300,49
7,0,46
7,100,40
7,200,37
7,300,38
7,400,41
7,500,42
7,600,46
7,700,47
7,800,47
7,900,51
7,1000,53
7,1100,51
7,1200,53
7,1300,55
7,1400,57
7,1500,60
7,1600,58
7,1700,62
7,1800,77
7,1900,76
7,2000,75
7,2100,78
7,2200,73
7,2300,67
8,0,54
8,100,42
8,200,34
8,300,31
8,400,26
8,500,16
8,600,16
8,700,20
8,800,30
8,900,47
8,1000,52
8,1100,54
8,1200,60
8,1300,58
8,1400,56
8,1500,52
8,1600,46
8,1700,50
8,1800,54
8,1900,54
8,2000,55
8,2100,58
8,2200,56
8,2300,55
9,0,55
9,100,52
9,200,49
9,300,45
9,400,47
9,500,48
9,600,49
9,700,48
9,800,49
9,900,56
9,1000,59
9,1100,41
9,1200,43
9,1300,42
9,1400,45
9,1500,48
9,1600,65
9,1700,55
9,1800,56
9,1900,70
9,2000,56
9,2100,70
9,2200,55
9,2300,45
10,0,36
10,100,31
10,200,23
10,300,20
10,400,22
10,500,23
10,600,24
10,700,29
10,800,29
10,900,31
10,1000,33
10,1100,31
10,1200,42
10,1300,42
10,1400,44
10,1500,44
10,1600,45
10,1700,46
10,1800,47
10,1900,50
10,2000,50
10,2100,51
10,2200,48
10,2300,45
11,0,41
11,100,38
11,200,35
11,300,31
11,400,30
11,500,28
11,600,28
11,700,33
11,800,40
11,900,42
11,1000,44
11,1100,43
11,1200,51
11,1300,49
11,1400,63
11,1500,58
11,1600,54
11,1700,54
11,1800,55
11,1900,58
11,2000,56
11,2100,52
11,2200,52
11,2300,53
12,0,45
12,100,41
12,200,41
12,300,50
12,400,53
12,500,51
12,600,64
12,700,79
12,800,91
12,900,93
12,1000,92
12,1100,91
12,1200,91
12,1300,92
12,1400,76
12,1500,70
12,1600,64
12,1700,58
12,1800,62
12,1900,57
12,2000,65
12,2100,59
12,2200,56
12,2300,52
13,0,54
13,100,56
13,200,53
13,300,53
13,400,58
13,500,87
13,600,84
13,700,85
13,800,80
13,900,65
13,1000,61
13,1100,58
13,1200,50
13,1300,50
13,1400,51
13,1500,41
13,1600,37
13,1700,38
13,1800,37
13,1900,37
13,2000,38
13,2100,38
13,2200,38
13,2300,36
14,0,35
14,100,36
14,200,37
14,300,37
14,400,36
14,500,37
14,600,39
14,700,41
14,800,41
14,900,44
14,1000,45
14,1100,47
14,1200,48
14,1300,50
14,1400,49
14,1500,49
14,1600,60
14,1700,63
14,1800,67
14,1900,67
14,2000,64
14,2100,67
14,2200,68
14,2300,71
15,0,68
15,100,65
15,200,73
15,300,90
15,400,92
15,500,91
15,600,90
15,700,87
15,800,83
15,900,81
15,1000,73
15,1100,70
15,1200,69
15,1300,70
15,1400,67
15,1500,66
15,1600,68
15,1700,69
15,1800,69
15,1900,55
15,2000,47
15,2100,49
15,2200,52
15,2300,49
16,0,43
16,100,34
16,200,34
16,300,33
16,400,34
16,500,35
16,600,36
16,700,41
16,800,44
16,900,41
16,1000,37
16,1100,40
16,1200,37
16,1300,43
16,1400,43
16,1500,42
16,1600,48
16,1700,49
16,1800,52
16,1900,53
16,2000,53
16,2100,70
16,2200,81
16,2300,72
17,0,34
17,100,33
17,200,26
17,300,28
17,400,27
17,500,29
17,600,31
17,700,35
17,800,37
17,900,43
17,1000,45
17,1100,46
17,1200,46
17,1300,48
17,1400,46
17,1500,45
17,1600,43
17,1700,46
17,1800,38
17,1900,32
17,2000,33
17,2100,32
17,2200,33
17,2300,30
18,0,29
18,100,32
18,200,32
18,300,35
18,400,34
18,500,35
18,600,37
18,700,40
18,800,42
18,900,40
18,1000,42
18,1100,43
18,1200,47
18,1300,50
18,1400,51
18,1500,51
18,1600,53
18,1700,55
18,1800,57
18,1900,57
18,2000,56
18,2100,60
18,2200,57
18,2300,59
19,0,52
19,100,40
19,200,35
19,300,30
19,400,31
19,500,31
19,600,32
19,700,35
19,800,41
19,900,43
19,1000,41
19,1100,42
19,1200,41
19,1300,44
19,1400,43
19,1500,41
19,1600,42
19,1700,54
19,1800,58
19,1900,58
19,2000,60
19,2100,58
19,2200,57
19,2300,56
20,0,50
20,100,39
20,200,36
20,300,38
20,400,41
20,500,42
20,600,43
20,700,44
20,800,-1
20,900,49
20,1000,49
20,1100,50
20,1200,50
20,1300,53
20,1400,52
20,1500,53
20,1600,53
20,1700,50
20,1800,64
20,1900,90
20,2000,93
20,2100,95
20,2200,95
20,2300,94
21,0,92
21,100,88
21,200,87
21,300,88
21,400,83
21,500,85
21,600,85
21,700,89
21,800,90
21,900,90
21,1000,81
21,1100,68
21,1200,62
21,1300,61
21,1400,63
21,1500,62
21,1600,57
21,1700,59
21,1800,62
21,1900,65
21,2000,68
21,2100,66
21,2200,62
21,2300,61
22,0,55
22,100,56
22,200,46
22,300,45
22,400,46
22,500,40
22,600,37
22,700,41
22,800,44
22,900,48
22,1000,48
22,1100,49
22,1200,49
22,1300,52
22,1400,50
22,1500,56
22,1600,55
22,1700,56
22,1800,54
22,1900,53
22,2000,55
22,2100,54
22,2200,52
22,2300,49
23,0,50
23,100,46
23,200,47
23,300,46
23,400,45
23,500,47
23,600,50
23,700,54
23,800,52
23,900,54
23,1000,53
23,1100,53
23,1200,55
23,1300,52
23,1400,50
23,1500,47
23,1600,46
23,1700,46
23,1800,51
23,1900,50
23,2000,51
23,2100,50
23,2200,50
23,2300,49
24,0,45
24,100,41
24,200,38
24,300,39
24,400,36
24,500,35
24,600,35
24,700,39
24,800,43
24,900,46
24,1000,48
24,1100,47
24,1200,50
24,1300,53
24,1400,55
24,1500,55
24,1600,63
24,1700,65
24,1800,64
24,1900,65
24,2000,68
24,2100,78
24,2200,72
24,2300,67
25,0,62
25,100,55
25,200,45
25,300,46
25,400,43
25,500,45
25,600,45
25,700,47
25,800,51
25,900,53
25,1000,54
25,1100,55
25,1200,56
25,1300,61
25,1400,64
25,1500,60
25,1600,74
25,1700,81
25,1800,75
25,1900,82
25,2000,75
25,2100,76
25,2200,74
25,2300,73
26,0,67
26,100,62
26,200,53
26,300,46
26,400,43
26,500,41
26,600,42
26,700,44
26,800,47
26,900,48
26,1000,50
26,1100,51
26,1200,59
26,1300,62
26,1400,65
26,1500,79
26,1600,72
26,1700,72
26,1800,73
26,1900,72
26,2000,80
26,2100,82
26,2200,82
26,2300,73
27,0,66
27,100,58
27,200,45
27,300,42
27,400,44
27,500,47
27,600,47
27,700,51
27,800,53
27,900,55
27,1000,56
27,1100,61
27,1200,60
27,1300,59
27,1400,65
27,1500,72
27,1600,74
27,1700,74
27,1800,88
27,1900,87
27,2000,79
27,2100,54
27,2200,49
27,2300,44
28,0,36
28,100,31
28,200,33
28,300,35
28,400,37
28,500,37
28,600,37
28,700,38
28,800,39
28,900,42
28,1000,43
28,1100,45
28,1200,47
28,1300,47
28,1400,48
28,1500,49
28,1600,50
28,1700,52
28,1800,51
28,1900,48
28,2000,45
28,2100,58
28,2200,60
28,2300,56
29,0,50
29,100,42
29,200,33
29,300,31
29,400,29
29,500,32
29,600,35
29,700,36
29,800,41
29,900,49
29,1000,52
29,1100,59
29,1200,61
29,1300,57
29,1400,66
29,1500,71
29,1600,76
29,1700,84
29,1800,84
29,1900,82
29,2000,77
29,2100,79
29,2200,80
29,2300,77
30,0,73
30,100,54
30,200,46
30,300,38
30,400,33
30,500,37
30,600,31
30,700,32
30,800,41
30,900,45
30,1000,49
30,1100,48
30,1200,46
30,1300,48
30,1400,51
30,1500,50
30,1600,51
30,1700,53
30,1800,59
30,1900,66
30,2000,59
30,2100,62
30,2200,58
30,2300,58
31,0,57
31,100,49
31,200,50
31,300,55
31,400,57
31,500,55
31,600,56
31,700,62
31,800,67
31,900,70
31,1000,75
31,1100,75
31,1200,71
31,1300,70
31,1400,70
31,1500,69
31,1600,67
31,1700,69
31,1800,63
31,1900,46
31,2000,54
31,2100,62
31,2200,66
31,2300,59
